{
    "name": "Spanish",
    "slug": "es",
    "is_active": "1",
    "language_code": "es",
    "text_direction": "LTR",
    "addon": "offlinepayment",
    "Strings": [
        {
            "slug": "offlinepayment_settings",
            "text": "Configuraciones Pagos Offline"
        },
        {
            "slug": "offlinepayment_final_page_title",
            "text": "Titulo de la pagina final"
        },
        {
            "slug": "offlinepayment_final_page_body",
            "text": "Cuerpo de la pagina final"
        }
    ],
    "EmailTemplates": []
}