{
    "name": "Swedish",
    "slug": "sv",
    "is_active": "1",
    "language_code": "sv",
    "text_direction": "LTR",
    "addon": "offlinepayment",
    "Strings": [
        {
            "slug": "offlinepayment_settings",
            "text": "Inst&auml;llningar f&ouml;r offlinebetalningar"
        },
        {
            "slug": "offlinepayment_final_page_title",
            "text": "Titel f&ouml;r sista sidan"
        },
        {
            "slug": "offlinepayment_final_page_body",
            "text": "Inneh&aring;ll p&aring; sista sidan"
        }
    ],
    "EmailTemplates": []
}