{
    "name": "Turkish",
    "slug": "tr",
    "is_active": "1",
    "language_code": "tr",
    "text_direction": "LTR",
    "addon": "knowledge_base",
    "Strings": [
        {
            "slug": "knowledgebase",
            "text": "Bilgi Bankas\u0131"
        },
        {
            "slug": "kbarticle_management",
            "text": "Bilgi Bankas\u0131 Makaleleri"
        },
        {
            "slug": "kbarticle_add",
            "text": "Makale Ekle"
        },
        {
            "slug": "kbarticle_edit",
            "text": "Makale D&uuml;zenle"
        },
        {
            "slug": "kbcategory_management",
            "text": "Bilgi Bankas\u0131 Kategorileri"
        },
        {
            "slug": "kbcategory_add",
            "text": "Kategori Ekle"
        },
        {
            "slug": "kbcategory_edit",
            "text": "Kategori D&uuml;zenle"
        },
        {
            "slug": "kbarticle",
            "text": "Makale"
        },
        {
            "slug": "kbcategory",
            "text": "Kategori"
        },
        {
            "slug": "kbarticles",
            "text": "Makaleler"
        },
        {
            "slug": "kbcategories",
            "text": "Kategoriler"
        },
        {
            "slug": "rating_up",
            "text": "Yararl\u0131"
        },
        {
            "slug": "rating_down",
            "text": "Yarars\u0131z"
        },
        {
            "slug": "search_articles",
            "text": "Ne aram\u0131\u015ft\u0131n\u0131z..."
        },
        {
            "slug": "latest_articles",
            "text": "Son Makaleler"
        },
        {
            "slug": "find_useful",
            "text": "Bu makaleyi yararl\u0131 buldunuz mu?"
        },
        {
            "slug": "rating_display",
            "text": "Toplam {{rating-up}} Ki\u015fiden {{rating-total}} ki\u015fi bu makeleyi yararl\u0131 buldu"
        },
        {
            "slug": "cant_find_answer",
            "text": "Cevab\u0131n\u0131 bulamad\u0131n\u0131z m\u0131?"
        },
        {
            "slug": "kb_category_id",
            "text": "Kategori"
        }
    ],
    "EmailTemplates": []
}