{
    "name": "Spanish",
    "slug": "es",
    "is_active": "1",
    "language_code": "es",
    "text_direction": "LTR",
    "addon": "enom",
    "Strings": [
        {
            "slug": "enom_settings",
            "text": "Configuraciones Enom"
        },
        {
            "slug": "enom_uid",
            "text": "ID de Revendedor\/Usuario Enom"
        },
        {
            "slug": "enom_enable_sandbox",
            "text": "Activar Modo Sandbox\/Prueba"
        }
    ],
    "EmailTemplates": []
}