{
    "name": "French",
    "slug": "fr",
    "is_active": "1",
    "language_code": "fr",
    "text_direction": "LTR",
    "addon": "offlinepayment",
    "Strings": [
        {
            "slug": "offlinepayment_settings",
            "text": "Param&egrave;tres du paiement Hors Ligne"
        },
        {
            "slug": "offlinepayment_final_page_title",
            "text": "Titre de la page finale"
        },
        {
            "slug": "offlinepayment_final_page_body",
            "text": "Contenu de la page finale"
        }
    ],
    "EmailTemplates": []
}