{
    "name": "Turkish",
    "slug": "tr",
    "is_active": "1",
    "language_code": "tr",
    "text_direction": "LTR",
    "addon": "enom",
    "Strings": [
        {
            "slug": "enom_settings",
            "text": "Enom Ayarlar\u0131"
        },
        {
            "slug": "enom_uid",
            "text": "Enom Bayi\/&Uuml;ye ID"
        },
        {
            "slug": "enom_enable_sandbox",
            "text": "Sandbox Mod Aktifle\u015ftir"
        }
    ],
    "EmailTemplates": []
}