{
    "name": "German",
    "slug": "de",
    "is_active": "1",
    "language_code": "de",
    "text_direction": "LTR",
    "addon": "paypal",
    "Strings": [
        {
            "slug": "paypal_settings",
            "text": "PayPal-Einstellungen"
        },
        {
            "slug": "paypal_client_id",
            "text": "PayPal Oauth Benutzer-ID"
        },
        {
            "slug": "paypal_secret_code",
            "text": "PayPal Oauth Geheimschl&uuml;ssel"
        },
        {
            "slug": "paypal_testmode",
            "text": "PayPal Test-\/Sandkastenmodus"
        },
        {
            "slug": "paypal_webprofile",
            "text": "PayPal Webprofil"
        },
        {
            "slug": "paypal_webprofile_desc",
            "text": "Das PayPal Webprofil wird automatisch generiert. Bitte entfernen sie alle Inhalte dieses Feldes, wenn sie den Firmennamen dieser Installation von WHsuite oder das dazugeh&ouml;rige Logo &auml;ndern und die PayPal-Seite zur Kaufabwicklung diese &Auml;nderungen nicht &uuml;bernimmt."
        }
    ],
    "EmailTemplates": []
}