{
    "name": "Swedish",
    "slug": "sv",
    "is_active": "1",
    "language_code": "sv",
    "text_direction": "LTR",
    "addon": "knowledge_base",
    "Strings": [
        {
            "slug": "knowledgebase",
            "text": "Kunskapsdatabas"
        },
        {
            "slug": "kbarticle_management",
            "text": "Kunskapsdatabasartiklar"
        },
        {
            "slug": "kbarticle_add",
            "text": "Skapa artikel"
        },
        {
            "slug": "kbarticle_edit",
            "text": "Redigera artikel"
        },
        {
            "slug": "kbcategory_management",
            "text": "Kunskapsdatabaskategorier"
        },
        {
            "slug": "kbcategory_add",
            "text": "Skapa kategori"
        },
        {
            "slug": "kbcategory_edit",
            "text": "Redigera kategori"
        },
        {
            "slug": "kbarticle",
            "text": "Artikel"
        },
        {
            "slug": "kbcategory",
            "text": "Kategori"
        },
        {
            "slug": "kbarticles",
            "text": "Artiklar"
        },
        {
            "slug": "kbcategories",
            "text": "Kategorier"
        },
        {
            "slug": "rating_up",
            "text": "R&ouml;sta upp"
        },
        {
            "slug": "rating_down",
            "text": "R&ouml;sta ned"
        },
        {
            "slug": "search_articles",
            "text": "S&ouml;k artiklar"
        },
        {
            "slug": "latest_articles",
            "text": "Senaste artiklar"
        },
        {
            "slug": "find_useful",
            "text": "Tyckte du att artikeln var hj&auml;lpsam?"
        },
        {
            "slug": "rating_display",
            "text": "{{rating-up}} av {{rating-total}} tyckte att artikeln var hj&auml;lpsam"
        },
        {
            "slug": "cant_find_answer",
            "text": "Kan du inte hitta l&ouml;sningen?"
        },
        {
            "slug": "kb_category_id",
            "text": "Kategori"
        }
    ],
    "EmailTemplates": []
}