{
    "name": "Spanish",
    "slug": "es",
    "is_active": "1",
    "language_code": "es",
    "text_direction": "LTR",
    "addon": "uploader",
    "Strings": [
        {
            "slug": "add_new_file",
            "text": "A&ntilde;adir nuevo archivo"
        },
        {
            "slug": "attach_files",
            "text": "Adjuntar archivos"
        },
        {
            "slug": "existing_files",
            "text": "Archivos existentes"
        },
        {
            "slug": "choose_file",
            "text": "Seleccionar archivo"
        }
    ],
    "EmailTemplates": []
}