{
    "name": "Chinese",
    "slug": "zh",
    "is_active": "1",
    "language_code": "zh",
    "text_direction": "LTR",
    "addon": "offlinepayment",
    "Strings": [
        {
            "slug": "offlinepayment_settings",
            "text": "\u79bb\u7ebf\uff08\u7ebf\u4e0b\uff09\u652f\u4ed8\u8bbe\u7f6e"
        },
        {
            "slug": "offlinepayment_final_page_title",
            "text": "\u6700\u7ec8\u9875\u6807\u9898"
        },
        {
            "slug": "offlinepayment_final_page_body",
            "text": "\u6700\u7ec8\u9875\u4e3b\u4f53"
        }
    ],
    "EmailTemplates": []
}