{
    "name": "Spanish",
    "slug": "es",
    "is_active": "1",
    "language_code": "es",
    "text_direction": "LTR",
    "addon": "cpanel",
    "Strings": [
        {
            "slug": "cpanel_remote_access_key",
            "text": "Clave de Acceso Remoto cPanel"
        },
        {
            "slug": "cpanel_server_custom_fields",
            "text": "Campos Personalizados Servidor cPanel"
        },
        {
            "slug": "cpanel_server_remote_access_key_help_text",
            "text": "Puedes obtener tu clave de acceso remoto desde WHM. Entrando a Home&gt;Cluster\/Remote Access&gt;Setup Remote Access Key"
        }
    ],
    "EmailTemplates": []
}