{
    "name": "Turkish",
    "slug": "tr",
    "is_active": "1",
    "language_code": "tr",
    "text_direction": "LTR",
    "addon": "stripe",
    "Strings": [
        {
            "slug": "stripe_settings",
            "text": "Stripe Ayarlar"
        },
        {
            "slug": "stripe_secret_key",
            "text": "Stripe Secret Anahtar\u0131"
        },
        {
            "slug": "stripe_publishable_key",
            "text": "Stripe Publishable Anahtar\u0131"
        },
        {
            "slug": "stripe_description",
            "text": "Stripe A&ccedil;\u0131klamas\u0131"
        },
        {
            "slug": "stripe_image",
            "text": "Stripe Foto\u011fraf\u0131"
        }
    ],
    "EmailTemplates": []
}