{
    "name": "German",
    "slug": "de",
    "is_active": "1",
    "language_code": "de",
    "text_direction": "LTR",
    "addon": "logicboxes",
    "Strings": [
        {
            "slug": "logicboxes_settings",
            "text": "Logicboxes-Einstellungen"
        },
        {
            "slug": "logicboxes_eligibility_type",
            "text": "Art der Berechtigungskennung"
        },
        {
            "slug": "logicboxes_eligibility_id",
            "text": "Berechtigungskennung (Eligibility ID)"
        },
        {
            "slug": "logicboxes_eligibility_reason",
            "text": "Berechtigungsgrund"
        },
        {
            "slug": "logicboxes_eligibility_reason_exact_match",
            "text": "Domain ist gleich ODER eine Abk&uuml;rzung ODER ein Akronym ihres Unternehmens oder Handelsnamens."
        },
        {
            "slug": "logicboxes_eligibility_reason_close_connection",
            "text": "Schlie&szlig;ung und wesentliche Verbindung zwischen der Domain und den T&auml;tigkeiten Ihrer Institution."
        },
        {
            "slug": "logicboxes_au_warranty",
            "text": "Mit Absenden dieses Antrags best&auml;tige ich, dass ich berechtigt bin, eine solche Domain zu besitzen, alle gegebenen Informationen der Wahrheit entsprechen, richtig, vollst&auml;ndig und nicht in irgendeiner Weise fehlleitend sind. Sollte sich sp&auml;ter herausstellen, dass mindestens eine der gegebenen Informationen unwahrheitsgem&auml;&szlig;, falsch, unvollst&auml;ndig, irref&uuml;hrend oder in B&ouml;sgl&auml;ubigkeit &uuml;bergeben wurde, kann dies zur Stornierung und der folgenden Aufhebung der Lizenzberechtigung an der Domain f&uuml;hren, welches den permanenten Wegfall der Berechtigung an der Domain bedeuten kann."
        },
        {
            "slug": "logicboxes_au_agree_to_warranty",
            "text": "Ich bin mit der Haftung f&uuml;r AU Domains einverstanden."
        },
        {
            "slug": "logicboxes_australian_company_number",
            "text": "Australian Company Number (ACN)"
        },
        {
            "slug": "logicboxes_australian_bus_no",
            "text": "Australian Business Number (ABN)"
        },
        {
            "slug": "logicboxes_victoria_bus_no",
            "text": "Victoria Business Number (VIC BN)"
        },
        {
            "slug": "logicboxes_new_south_wales_bus_no",
            "text": "New South Wales Business Number (NSW BN)"
        },
        {
            "slug": "logicboxes_south_australia_bus_no",
            "text": "South Australia Business Number (SA BN)"
        },
        {
            "slug": "logicboxes_northern_territory_bus_no",
            "text": "Norther Territory Business Number (NT BN)"
        },
        {
            "slug": "logicboxes_western_australia_bus_no",
            "text": "Western Australia Business Number (WA BN)"
        },
        {
            "slug": "logicboxes_tasmania_bus_no",
            "text": "Tasmania Business Number (TAS BN)"
        },
        {
            "slug": "logicboxes_australian_capital_territory_bus_no",
            "text": "Australian Capital Territory Business Number (ACT BN)"
        },
        {
            "slug": "logicboxes_queensland_bus_no",
            "text": "Queensland Business number (QLD BN)"
        },
        {
            "slug": "logicboxes_trademark_no",
            "text": "Trademark"
        },
        {
            "slug": "logicboxes_australian_registered_body_no",
            "text": "Australian Registered Body Number (ARBN)"
        },
        {
            "slug": "logicboxes_other",
            "text": "Sonstige"
        },
        {
            "slug": "logicboxes_entity_type",
            "text": "Betriebsart"
        },
        {
            "slug": "logicboxes_registrant_name",
            "text": "Name des Domain-Inhabers"
        },
        {
            "slug": "logicboxes_trademark_owner",
            "text": "Inhaber des Trademarks"
        },
        {
            "slug": "logicboxes_pending_trademark_owner",
            "text": "Trademark-Inhaber ausstehend"
        },
        {
            "slug": "logicboxes_domain_hosted_in_china",
            "text": "Wird diese Domain in China bereitgestellt?"
        },
        {
            "slug": "logicboxes_agree_hosting_outside_china",
            "text": "Hiermit best&auml;tige ich, dass ich meine Domains und Services nicht auf Servern innerhalb der Volksrepublik China bereitstelle. Ich &uuml;bernehme die volle Verantwortung f&uuml;r jegliche Konsequenzen die eine Nichteinhaltung nach sich zieht."
        },
        {
            "slug": "logicboxes_agree_hosting_china",
            "text": "Hiermit best&auml;tige ich, dass ich die ICP MIIT no. f&uuml;r eine oder mehrere CN-Domain(s) beantrage wenn sie auf chinesischem Festland betrieben werden und dass meine Domain bis zum Abschluss und zur vollst&auml;ndigen Best&auml;tigung des Antrags durch die &ouml;rtl. Beh&ouml;rden nicht aktiv sind. Ich trage die volle Verantwortung f&uuml;r jegliche Konsequenzen bei Nichteinhaltung dieser Verpflichtung."
        },
        {
            "slug": "logicboxes_publish_whois",
            "text": "Sollen die Kontaktdaten in der Whois-Datenbank ver&ouml;ffentlicht werden?"
        },
        {
            "slug": "logicboxes_individual",
            "text": "Person"
        },
        {
            "slug": "logicboxes_organization",
            "text": "Organisation\/Unternehmen"
        },
        {
            "slug": "logicboxes_enable_sandbox",
            "text": "Aktiviere Sandbox-Modus"
        },
        {
            "slug": "logicboxes_reseller_id",
            "text": "Logicboxes Reseller-ID"
        },
        {
            "slug": "logicboxes_api_key",
            "text": "Logicboxes API-Schl&uuml;ssel"
        }
    ],
    "EmailTemplates": []
}