{
    "name": "Turkish",
    "slug": "tr",
    "is_active": "1",
    "language_code": "tr",
    "text_direction": "LTR",
    "addon": "uploader",
    "Strings": [
        {
            "slug": "add_new_file",
            "text": "Yeni Dosya Ekle"
        },
        {
            "slug": "attach_files",
            "text": "Dosya Ekle"
        },
        {
            "slug": "existing_files",
            "text": "Desteklenen Dosyalar"
        },
        {
            "slug": "choose_file",
            "text": "Dosya se&ccedil;"
        }
    ],
    "EmailTemplates": []
}