{
    "name": "German",
    "slug": "de",
    "is_active": "1",
    "language_code": "de",
    "text_direction": "LTR",
    "addon": "knowledge_base",
    "Strings": [
        {
            "slug": "knowledgebase",
            "text": "Wissensdatenbank"
        },
        {
            "slug": "kbarticle_management",
            "text": "Beitr&auml;ge in der Wissensdatenbank"
        },
        {
            "slug": "kbarticle_add",
            "text": "Beitrag hinzuf&uuml;gen"
        },
        {
            "slug": "kbarticle_edit",
            "text": "Beitrag bearbeiten"
        },
        {
            "slug": "kbcategory_management",
            "text": "Kategorien in der Wissensdatenbank"
        },
        {
            "slug": "kbcategory_add",
            "text": "Kategorie hinzuf&uuml;gen"
        },
        {
            "slug": "kbcategory_edit",
            "text": "Kategorie bearbeiten"
        },
        {
            "slug": "kbarticle",
            "text": "Beitrag"
        },
        {
            "slug": "kbcategory",
            "text": "Kategorie"
        },
        {
            "slug": "kbarticles",
            "text": "Beitr&auml;ge"
        },
        {
            "slug": "kbcategories",
            "text": "Kategorien"
        },
        {
            "slug": "rating_up",
            "text": "Aufwerten"
        },
        {
            "slug": "rating_down",
            "text": "Abwerten"
        },
        {
            "slug": "search_articles",
            "text": "Wissensdatenbank durchsuchen..."
        },
        {
            "slug": "latest_articles",
            "text": "Neueste Beitr&auml;ge"
        },
        {
            "slug": "find_useful",
            "text": "Fanden sie diesen Artikel hilfreich?"
        },
        {
            "slug": "rating_display",
            "text": "{{rating-up}} von {{rating-total}} Benutzern fanden diesen Beitrag hilfreich"
        },
        {
            "slug": "cant_find_answer",
            "text": "K&ouml;nnen sie keine Antwort finden?"
        },
        {
            "slug": "kb_category_id",
            "text": "Kategorie"
        }
    ],
    "EmailTemplates": []
}