{
    "name": "Swedish",
    "slug": "sv",
    "is_active": "1",
    "language_code": "sv",
    "text_direction": "LTR",
    "addon": "enom",
    "Strings": [
        {
            "slug": "enom_settings",
            "text": "Enom-inst&auml;llningar"
        },
        {
            "slug": "enom_uid",
            "text": "Enom-&aring;terf&ouml;rs&auml;ljare\/anv&auml;ndar-ID"
        },
        {
            "slug": "enom_enable_sandbox",
            "text": "Aktivera sandl&aring;del&auml;get"
        }
    ],
    "EmailTemplates": []
}