{
    "name": "Swedish",
    "slug": "sv",
    "is_active": "1",
    "language_code": "sv",
    "text_direction": "LTR",
    "addon": "stripe",
    "Strings": [
        {
            "slug": "stripe_settings",
            "text": "Inst&auml;llningar f&ouml;r Stripe"
        },
        {
            "slug": "stripe_secret_key",
            "text": "Stripes hemliga nyckel"
        },
        {
            "slug": "stripe_publishable_key",
            "text": "Stripes Publicerbara nyckel"
        },
        {
            "slug": "stripe_description",
            "text": "Beskrivning f&ouml;r Stripe"
        },
        {
            "slug": "stripe_image",
            "text": "Bild f&ouml;r Stripe"
        }
    ],
    "EmailTemplates": []
}