{
    "name": "Macedonian",
    "slug": "mk",
    "is_active": "1",
    "language_code": "mk",
    "text_direction": "LTR",
    "addon": "stripe",
    "Strings": [
        {
            "slug": "stripe_settings",
            "text": "Stripe \u043f\u043e\u0441\u0442\u0430\u0432\u043a\u0438"
        },
        {
            "slug": "stripe_secret_key",
            "text": "Stripe \u0442\u0430\u0435\u043d \u043a\u043b\u0443\u0447 (Secret Key) "
        },
        {
            "slug": "stripe_publishable_key",
            "text": "Stripe \u0458\u0430\u0432\u0435\u043d \u043a\u043b\u0443\u0447 (Publishable Key)"
        },
        {
            "slug": "stripe_description",
            "text": "Stripe \u043e\u043f\u0438\u0441"
        },
        {
            "slug": "stripe_image",
            "text": "Stripe  \u0441\u043b\u0438\u043a\u0430"
        }
    ],
    "EmailTemplates": []
}