{
    "name": "German",
    "slug": "de",
    "is_active": "1",
    "language_code": "de",
    "text_direction": "LTR",
    "addon": "cpanel",
    "Strings": [
        {
            "slug": "cpanel_remote_access_key",
            "text": "cPanel Fernzugriffsschl&uuml;ssel"
        },
        {
            "slug": "cpanel_server_custom_fields",
            "text": "Benutzerdefinierte cPanel-Felder"
        },
        {
            "slug": "cpanel_server_remote_access_key_help_text",
            "text": "Sie bekommen den Fernzugriffsschl&uuml;ssel, indem sie im WHM auf Home &gt; Cluster\/Remote-Zugriffsschl&uuml;ssel &gt; Neuen Schl&uuml;ssel erzeugen klicken."
        }
    ],
    "EmailTemplates": []
}