{
    "name": "German",
    "slug": "de",
    "is_active": "1",
    "language_code": "de",
    "text_direction": "LTR",
    "addon": "uploader",
    "Strings": [
        {
            "slug": "add_new_file",
            "text": "Neue Datei hinzuf&uuml;gen"
        },
        {
            "slug": "attach_files",
            "text": "Datei anh&auml;ngen"
        },
        {
            "slug": "existing_files",
            "text": "Vorhandene Dateien"
        },
        {
            "slug": "choose_file",
            "text": "Datei ausw&auml;hlen"
        }
    ],
    "EmailTemplates": []
}