{
    "name": "Swedish",
    "slug": "sv",
    "is_active": "1",
    "language_code": "sv",
    "text_direction": "LTR",
    "addon": "uploader",
    "Strings": [
        {
            "slug": "add_new_file",
            "text": "Ny fil"
        },
        {
            "slug": "attach_files",
            "text": "Bifoga filer"
        },
        {
            "slug": "existing_files",
            "text": "Befintliga filer"
        },
        {
            "slug": "choose_file",
            "text": "V&auml;lj fil"
        }
    ],
    "EmailTemplates": []
}