{
    "name": "French",
    "slug": "fr",
    "is_active": "1",
    "language_code": "fr",
    "text_direction": "LTR",
    "addon": "cpanel",
    "Strings": [
        {
            "slug": "cpanel_remote_access_key",
            "text": "cPanel cl&eacute; d&#039;acc&egrave;s &agrave; distance"
        },
        {
            "slug": "cpanel_server_custom_fields",
            "text": "cPanel serveur champs personnalis&eacute;s"
        },
        {
            "slug": "cpanel_server_remote_access_key_help_text",
            "text": "Vous pouvez obtenir votre cl&eacute; d&#039;acc&egrave;s &agrave; distance &agrave; partir de WHM en allant &agrave; Accueil&gt; Cluster \/ Remote Access&gt; Configuration de la cl&eacute; d&#039;acc&egrave;s &agrave; distance"
        }
    ],
    "EmailTemplates": []
}