{
    "name": "Turkish",
    "slug": "tr",
    "is_active": "1",
    "language_code": "tr",
    "text_direction": "LTR",
    "addon": "offlinepayment",
    "Strings": [
        {
            "slug": "offlinepayment_settings",
            "text": "Offline &Ouml;deme Ayarlar\u0131"
        },
        {
            "slug": "offlinepayment_final_page_title",
            "text": "EFT\/Havale"
        },
        {
            "slug": "offlinepayment_final_page_body",
            "text": "Banka bilgileri"
        }
    ],
    "EmailTemplates": []
}