{
    "name": "Chinese",
    "slug": "zh",
    "is_active": "1",
    "language_code": "zh",
    "text_direction": "LTR",
    "addon": "enom",
    "Strings": [
        {
            "slug": "enom_settings",
            "text": "Enom \u8bbe\u7f6e"
        },
        {
            "slug": "enom_uid",
            "text": "Enom \u7ecf\u9500\u5546\/\u7528\u6237 ID"
        },
        {
            "slug": "enom_enable_sandbox",
            "text": "\u542f\u7528\u7802\u7bb1\u6a21\u5f0f"
        }
    ],
    "EmailTemplates": []
}