{
    "name": "German",
    "slug": "de",
    "is_active": "1",
    "language_code": "de",
    "text_direction": "LTR",
    "addon": "stripe",
    "Strings": [
        {
            "slug": "stripe_settings",
            "text": "Stripe-Einstellungen"
        },
        {
            "slug": "stripe_secret_key",
            "text": "Geheimer Stripe API-Schl&uuml;ssel"
        },
        {
            "slug": "stripe_publishable_key",
            "text": "&Ouml;ffentlicher Stripe API-Schl&uuml;ssel"
        },
        {
            "slug": "stripe_description",
            "text": "Stripe Beschreibung"
        },
        {
            "slug": "stripe_image",
            "text": "Stripe Bild"
        }
    ],
    "EmailTemplates": []
}