{
    "name": "Macedonian",
    "slug": "mk",
    "is_active": "1",
    "language_code": "mk",
    "text_direction": "LTR",
    "addon": "offlinepayment",
    "Strings": [
        {
            "slug": "offlinepayment_settings",
            "text": "\u041f\u043e\u0434\u0435\u0441\u0443\u0432\u0430\u045a\u0435 \u0437\u0430 \u043c\u0430\u043d\u0443\u0435\u043b\u043d\u0430 \u043d\u0430\u043f\u043b\u0430\u0442\u0430"
        },
        {
            "slug": "offlinepayment_final_page_title",
            "text": "\u041d\u0430\u0441\u043b\u043e\u0432 \u043d\u0430 \u0443\u043f\u0430\u0442\u0441\u0442\u0432\u043e\u0442\u043e \u0437\u0430 \u043c\u0430\u043d\u0443\u0435\u043b\u043d\u0430 \u043d\u0430\u043f\u043b\u0430\u0442\u0430"
        },
        {
            "slug": "offlinepayment_final_page_body",
            "text": "\u0421\u043e\u0434\u0440\u0436\u0438\u043d\u0430 \u043d\u0430 \u0443\u043f\u0430\u0441\u0442\u0432\u043e\u0442\u043e \u0437\u0430 \u043c\u0430\u043d\u0443\u0435\u043b\u043d\u0430 \u043d\u0430\u043f\u043b\u0430\u0442\u0430"
        }
    ],
    "EmailTemplates": []
}