{
    "name": "German",
    "slug": "de",
    "is_active": "1",
    "language_code": "de",
    "text_direction": "LTR",
    "addon": "support_desk",
    "Strings": [
        {
            "slug": "supportdesk",
            "text": "Hilfe"
        },
        {
            "slug": "supportdesk-tickets",
            "text": "Antr&auml;ge"
        },
        {
            "slug": "supportdepartment_management",
            "text": "Hilfe Abteilungen"
        },
        {
            "slug": "supportticketpriority_management",
            "text": "Priorit&auml;ten der Antr&auml;ge"
        },
        {
            "slug": "supportdepartment_add",
            "text": "Hilfe Abteilung hinzuf&uuml;gen"
        },
        {
            "slug": "supportdepartment_edit",
            "text": "Hilfe Abteilung bearbeiten"
        },
        {
            "slug": "notification_email",
            "text": "Benachrichtigungs Email"
        },
        {
            "slug": "piping",
            "text": "Leiten (Piping)"
        },
        {
            "slug": "auto_respond",
            "text": "Automatisch antwortende Email"
        },
        {
            "slug": "inbox_name",
            "text": "Posteingangsname"
        },
        {
            "slug": "mark_as",
            "text": "Markiere Nachricht als"
        },
        {
            "slug": "piping_email",
            "text": "Email Adressen Leitung (Email Piping)"
        },
        {
            "slug": "supportticketpriority_add",
            "text": "Antragspriorit&auml;t hinzuf&uuml;gen"
        },
        {
            "slug": "supportticketpriority_edit",
            "text": "Antragspriorit&auml;t &auml;ndern"
        },
        {
            "slug": "label_color",
            "text": "Beschriftungs-\/Markierungsfarbe"
        },
        {
            "slug": "supportticket_management",
            "text": "Hilfe Antr&auml;ge"
        },
        {
            "slug": "supportticket_add",
            "text": "Antrag erstellen"
        },
        {
            "slug": "supportticket_edit",
            "text": "Antrag bearbeiten"
        },
        {
            "slug": "supportticket_view",
            "text": "Antr&auml;ge einsehen"
        },
        {
            "slug": "priority",
            "text": "Priorit&auml;t"
        },
        {
            "slug": "department",
            "text": "Abteilung"
        },
        {
            "slug": "new_message",
            "text": "Neue Antwort"
        },
        {
            "slug": "awaiting_reply",
            "text": "Antwort abwarten"
        },
        {
            "slug": "on_hold",
            "text": "Aufgeschoben"
        },
        {
            "slug": "closed",
            "text": "Geschlossen"
        },
        {
            "slug": "supportticket_delete",
            "text": "Antrag l&ouml;schen"
        },
        {
            "slug": "ticket_overview",
            "text": "&Uuml;bersicht der Antr&auml;ge"
        },
        {
            "slug": "ticket_discussion",
            "text": "Antragsdiskussion"
        },
        {
            "slug": "submit_reply",
            "text": "Antwort senden"
        },
        {
            "slug": "reply",
            "text": "Antwort"
        },
        {
            "slug": "set_ticket_status",
            "text": "Antworten und Antragsstatus &auml;ndern zu"
        },
        {
            "slug": "port",
            "text": "Anschluss (Port)"
        },
        {
            "slug": "message",
            "text": "Nachricht"
        },
        {
            "slug": "search_client_help",
            "text": "Kunde nach ID, Name oder Email suchen"
        },
        {
            "slug": "search_client",
            "text": "Suche Kunden"
        },
        {
            "slug": "create_ticket_guest",
            "text": "Erstelle eine Anfrage als Gast"
        },
        {
            "slug": "email_exists_login",
            "text": "Es besteht bereits ein Account mit dieser Email. Bitte logge dich ein, um ein Ticket zu er&ouml;ffnen."
        },
        {
            "slug": "support_department_id",
            "text": "Hilfe Abteilung"
        },
        {
            "slug": "select_client",
            "text": "Kunden ausw&auml;hlen"
        },
        {
            "slug": "widget_support_desk_active_tickets",
            "text": "Aktive Antr&auml;ge"
        },
        {
            "slug": "assigned_staff",
            "text": "Zugeordneter Mitarbeiter"
        },
        {
            "slug": "assign_staff",
            "text": "Mitarbeiter zuordnen"
        },
        {
            "slug": "select_staff",
            "text": "Mitarbeiter ausw&auml;hlen"
        },
        {
            "slug": "supportdesk_settings",
            "text": "Hilfe Bereich Einstellungen"
        },
        {
            "slug": "supportdesk_auto_close",
            "text": "Automatisches Schlie&szlig;en von Antr&auml;gen aktivieren"
        },
        {
            "slug": "supportdesk_close_inactivity",
            "text": "Inaktivit&auml;tszeitraum"
        },
        {
            "slug": "supportdesk_auto_close_desc",
            "text": "Sekunden setzen, die ein Antrag min. vorher inaktiv gewesen sein muss, um ihn automatisch zu schlie&szlig;en."
        },
        {
            "slug": "automation_ticket_close",
            "text": "AUTOMATISCHE NACHRICHT: Dieser Vorgang wurde wegen Inaktivit&auml;t geschlossen."
        },
        {
            "slug": "automation",
            "text": "Automatisierung"
        }
    ],
    "EmailTemplates": {
        "client_support_ticket_reply": {
            "slug": "client_support_ticket_reply",
            "EmailTemplateTranslation": {
                "subject": "Benachrichtigung zur Antwort auf ihre Anfrage",
                "html_body_default": "&lt;p&gt;Sehr geehrter {{client.first_name}} {{client.last_name}},&lt;\/p&gt; &lt;p&gt;Ihre Anfrage auf {{settings.general.sitename}} wurde beantwortet und ist nun {{status}}.&lt;\/p&gt; &lt;p&gt;Sie k&ouml;nnen die Anfrage unter folgender Verkn&uuml;pfung (Link) einsehen: &lt;a href=&quot;{{ticket_url}}&quot;&gt;{{ticket_url}}&lt;\/a&gt; oder gucken sie sich die Antwort im folgenden an:&lt;\/p&gt; &lt;p&gt;{{{ticket_post}}}&lt;\/p&gt; &lt;p&gt;{{{settings.mail.email_signature_html}}}&lt;\/p&gt;",
                "html_body": "&lt;p&gt;Sehr geehrter {{client.first_name}} {{client.last_name}},&lt;\/p&gt; &lt;p&gt;Ihre Anfrage auf {{settings.general.sitename}} wurde beantwortet und ist nun {{status}}.&lt;\/p&gt; &lt;p&gt;Sie k&ouml;nnen die Anfrage unter folgender Verkn&uuml;pfung (Link) einsehen: &lt;a href=&quot;{{ticket_url}}&quot;&gt;{{ticket_url}}&lt;\/a&gt; oder gucken sie sich die Antwort im folgenden an:&lt;\/p&gt; &lt;p&gt;{{{ticket_post}}}&lt;\/p&gt; &lt;p&gt;{{{settings.mail.email_signature_html}}}&lt;\/p&gt;",
                "plaintext_body_default": "Sehr geehrte\/r {{client.first_name}} {{client.last_name}},\r\n\r\nIhre Anfrage auf {{settings.general.sitename}} wurde beantwortet und ist nun {{status}}.\r\n\r\nSie k&ouml;nnen die Anfrage unter folgender Verkn&uuml;pfung (Link) einsehen: {{ticket_url}} oder folgende Nachricht sehen:\r\n\r\n{{ticket_post}}\r\n\r\n{{settings.mail.email_signature_plaintext}}",
                "plaintext_body": "Sehr geehrte\/r {{client.first_name}} {{client.last_name}},\r\n\r\nIhre Anfrage auf {{settings.general.sitename}} wurde beantwortet und ist nun {{status}}.\r\n\r\nSie k&ouml;nnen die Anfrage unter folgender Verkn&uuml;pfung (Link) einsehen: {{ticket_url}} oder folgende Nachricht sehen:\r\n\r\n{{ticket_post}}\r\n\r\n{{settings.mail.email_signature_plaintext}}"
            },
            "name": "Client Support Ticket New Reply",
            "available_tags": "client.first_name,client.last_name,status,ticket_url,ticket_post,settings.general.sitename,settings.mail.email_signature_html,settings.mail.email_signature_plaintext"
        },
        "admin_support_ticket_reply": {
            "slug": "admin_support_ticket_reply",
            "EmailTemplateTranslation": {
                "subject": "Benachrichtigung zu einer neuen Nachricht in ihrer Anfrage",
                "html_body_default": "&lt;p&gt;Ihrer Anfrage auf {{settings.general.sitename}} wurde eine Nachricht angeh&auml;ngt. Aktueller Status: {{status}}.&lt;\/p&gt; &lt;p&gt;Sie k&ouml;nnen das Ticket unter folgender Verkn&uuml;pfung (Link) aufrufen: &lt;a href=&quot;{{ticket_url}}&quot;&gt;{{ticket_url}}&lt;\/a&gt; oder sehen sie sich die Nachricht an:&lt;\/p&gt; &lt;p&gt;{{{ticket_post}}}&lt;\/p&gt;",
                "html_body": "&lt;p&gt;Ihrer Anfrage auf {{settings.general.sitename}} wurde eine Nachricht angeh&auml;ngt. Aktueller Status: {{status}}.&lt;\/p&gt; &lt;p&gt;Sie k&ouml;nnen das Ticket unter folgender Verkn&uuml;pfung (Link) aufrufen: &lt;a href=&quot;{{ticket_url}}&quot;&gt;{{ticket_url}}&lt;\/a&gt; oder sehen sie sich die Nachricht an:&lt;\/p&gt; &lt;p&gt;{{{ticket_post}}}&lt;\/p&gt;",
                "plaintext_body_default": "Der folgende Anfrage auf {{settings.general.sitename}} wurde eine Antwort angeh&auml;ngt. Aktueller Status der Anfrage:  {{status}}.\r\n\r\nSie k&ouml;nnen das Ticket unter folgender Verkn&uuml;pfung (Link) einsehen:\r\n{{ticket_url}} oder sich die Nachricht im Folgenden ansehen:\r\n\r\n {{ticket_post}}",
                "plaintext_body": "Der folgende Anfrage auf {{settings.general.sitename}} wurde eine Antwort angeh&auml;ngt. Aktueller Status der Anfrage:  {{status}}.\r\n\r\nSie k&ouml;nnen das Ticket unter folgender Verkn&uuml;pfung (Link) einsehen:\r\n{{ticket_url}} oder sich die Nachricht im Folgenden ansehen:\r\n\r\n {{ticket_post}}"
            },
            "name": "Admin Support Ticket Reply",
            "available_tags": "ticket_url,status,ticket_post,settings.general.sitename,settings.mail.email_signature_html,settings.mail.email_signature_plaintext"
        },
        "admin_support_ticket_assign": {
            "slug": "admin_support_ticket_assign",
            "EmailTemplateTranslation": {
                "subject": "Zuordnung zu einem Hilfe Antrag",
                "html_body_default": "&lt;p&gt;Sie wurden einer Support-Anfrage auf {{settings.general.sitename}} zugeordnet.&lt;\/p&gt; Sehen sie sich das Ticket unter &lt;p&gt; &lt;a href=&quot;{{ticket_url}}&quot;&gt;{{ticket_url}}&lt;\/a&gt; an.&lt;\/p&gt;",
                "html_body": "&lt;p&gt;Sie wurden einer Support-Anfrage auf {{settings.general.sitename}} zugeordnet.&lt;\/p&gt; Sehen sie sich das Ticket unter &lt;p&gt; &lt;a href=&quot;{{ticket_url}}&quot;&gt;{{ticket_url}}&lt;\/a&gt; an.&lt;\/p&gt;",
                "plaintext_body_default": "Sie wurden einem Hilfe Antrag auf {{settings.general.sitename}} zugewiesen.\r\n\r\nSie k&ouml;nnen den Antrag hier einsehen: {{ticket_url}}",
                "plaintext_body": "Sie wurden einem Hilfe Antrag auf {{settings.general.sitename}} zugewiesen.\r\n\r\nSie k&ouml;nnen den Antrag hier einsehen: {{ticket_url}}"
            },
            "name": "Staff Assigned to support ticket",
            "available_tags": "ticket_url,settings.general.sitename,settings.mail.email_signature_html,settings.mail.email_signature_plaintext"
        }
    }
}