{
    "name": "Chinese",
    "slug": "zh",
    "is_active": "1",
    "language_code": "zh",
    "text_direction": "LTR",
    "addon": "stripe",
    "Strings": [
        {
            "slug": "stripe_settings",
            "text": "Stripe\u7684\u8bbe\u7f6e"
        },
        {
            "slug": "stripe_secret_key",
            "text": "Stripe\u7684\u5bc6\u94a5\uff08Secret Key\uff09"
        },
        {
            "slug": "stripe_publishable_key",
            "text": "Stripe\u7684\u53d1\u5e03\u5173\u952e\u5bc6\u94a5\uff08Publishable Key\uff09"
        },
        {
            "slug": "stripe_description",
            "text": "Stripe\u7684\u63cf\u8ff0"
        },
        {
            "slug": "stripe_image",
            "text": "Stripe\u7684\u56fe\u50cf"
        }
    ],
    "EmailTemplates": []
}