{
    "name": "French",
    "slug": "fr",
    "is_active": "1",
    "language_code": "fr",
    "text_direction": "LTR",
    "addon": "enom",
    "Strings": [
        {
            "slug": "enom_settings",
            "text": "Enom R&eacute;glages"
        },
        {
            "slug": "enom_uid",
            "text": "Revendeur Enom \/ ID de l&#039;utilisateur"
        },
        {
            "slug": "enom_enable_sandbox",
            "text": "Activer le mode Sandbox"
        }
    ],
    "EmailTemplates": []
}