{
    "name": "Spanish",
    "slug": "es",
    "is_active": "1",
    "language_code": "es",
    "text_direction": "LTR",
    "addon": "knowledge_base",
    "Strings": [
        {
            "slug": "knowledgebase",
            "text": "Base de Conocimientos"
        },
        {
            "slug": "kbarticle_management",
            "text": "Articulos de la Base de Conocimientos"
        },
        {
            "slug": "kbarticle_add",
            "text": "Agregar Articulo"
        },
        {
            "slug": "kbarticle_edit",
            "text": "Editar Articulo"
        },
        {
            "slug": "kbcategory_management",
            "text": "Categorias de la Base de Conocimientos"
        },
        {
            "slug": "kbcategory_add",
            "text": "Agregar Categoria"
        },
        {
            "slug": "kbcategory_edit",
            "text": "Editar Categoria"
        },
        {
            "slug": "kbarticle",
            "text": "Articulo"
        },
        {
            "slug": "kbcategory",
            "text": "Categoria"
        },
        {
            "slug": "kbarticles",
            "text": "Articulos"
        },
        {
            "slug": "kbcategories",
            "text": "Categorias"
        },
        {
            "slug": "rating_up",
            "text": "Util"
        },
        {
            "slug": "rating_down",
            "text": "No me es util"
        },
        {
            "slug": "search_articles",
            "text": "Buscar Articulos de la Base de Conocimientos..."
        },
        {
            "slug": "latest_articles",
            "text": "Ultimos Articulos"
        },
        {
            "slug": "find_useful",
            "text": "&iquest;Le resulto util este articulo?"
        },
        {
            "slug": "rating_display",
            "text": "{{rating-up}} de {{rating-total}} personas encontraron util este articulo"
        },
        {
            "slug": "cant_find_answer",
            "text": "&iquest;No encuentra la respuesta?"
        },
        {
            "slug": "kb_category_id",
            "text": "Categoria"
        }
    ],
    "EmailTemplates": []
}