{
    "name": "Spanish",
    "slug": "es",
    "is_active": "1",
    "language_code": "es",
    "text_direction": "LTR",
    "addon": "stripe",
    "Strings": [
        {
            "slug": "stripe_settings",
            "text": "Configuraciones Stripe"
        },
        {
            "slug": "stripe_secret_key",
            "text": "Clave Secreta Stripe"
        },
        {
            "slug": "stripe_publishable_key",
            "text": "Clave Publicable Stripe"
        },
        {
            "slug": "stripe_description",
            "text": "Descripcion Stripe"
        },
        {
            "slug": "stripe_image",
            "text": "Imagen Stripe"
        }
    ],
    "EmailTemplates": []
}