{
    "name": "Chinese",
    "slug": "zh",
    "is_active": "1",
    "language_code": "zh",
    "text_direction": "LTR",
    "addon": "uploader",
    "Strings": [
        {
            "slug": "add_new_file",
            "text": "\u6dfb\u52a0\u65b0\u6587\u4ef6"
        },
        {
            "slug": "attach_files",
            "text": "\u9644\u4ef6"
        },
        {
            "slug": "existing_files",
            "text": "\u73b0\u6709\u6587\u4ef6"
        },
        {
            "slug": "choose_file",
            "text": "\u9009\u62e9\u6587\u4ef6"
        }
    ],
    "EmailTemplates": []
}