{
    "name": "German",
    "slug": "de",
    "is_active": "1",
    "language_code": "de",
    "text_direction": "LTR",
    "addon": "offlinepayment",
    "Strings": [
        {
            "slug": "offlinepayment_settings",
            "text": "OfflinePayment-Einstellungen"
        },
        {
            "slug": "offlinepayment_final_page_title",
            "text": "&Uuml;berschrift der Abschluss-Seite"
        },
        {
            "slug": "offlinepayment_final_page_body",
            "text": "Inhalt der Abschluss-Seite"
        }
    ],
    "EmailTemplates": []
}