{
    "name": "Macedonian",
    "slug": "mk",
    "is_active": "1",
    "language_code": "mk",
    "text_direction": "LTR",
    "addon": "enom",
    "Strings": [
        {
            "slug": "enom_settings",
            "text": "&bdquo;Enom&ldquo; \u043f\u043e\u0434\u0435\u0441\u0443\u0432\u0430\u045a\u0430"
        },
        {
            "slug": "enom_uid",
            "text": "Enom \u043a\u043e\u0440\u0438\u0441\u043d\u0438\u0447\u043a\u043e \u0438\u043c\u0435 (Reseller\/User ID)"
        },
        {
            "slug": "enom_enable_sandbox",
            "text": "\u0410\u043a\u0442\u0438\u0432\u0438\u0440\u0430\u0458 \u0442\u0435\u0441\u0442 \u0440\u0435\u0436\u0438\u043c (Sandbox Mode)"
        }
    ],
    "EmailTemplates": []
}