{
    "name": "Chinese",
    "slug": "zh",
    "is_active": "1",
    "language_code": "zh",
    "text_direction": "LTR",
    "addon": "support_desk",
    "Strings": [
        {
            "slug": "supportdesk",
            "text": "\u6280\u672f\u652f\u6301"
        },
        {
            "slug": "supportdesk-tickets",
            "text": "\u670d\u52a1\u5355"
        },
        {
            "slug": "supportdepartment_management",
            "text": "\u6280\u672f\u652f\u6301\u90e8\u95e8\u5217\u8868"
        },
        {
            "slug": "supportticketpriority_management",
            "text": "\u670d\u52a1\u5355\u4f18\u5148\u6743"
        },
        {
            "slug": "supportdepartment_add",
            "text": "\u6dfb\u52a0\u6280\u672f\u652f\u6301\u90e8\u95e8"
        },
        {
            "slug": "supportdepartment_edit",
            "text": "\u7f16\u8f91\u6280\u672f\u652f\u6301\u90e8\u95e8"
        },
        {
            "slug": "auto_respond",
            "text": "\u81ea\u52a8\u56de\u590d\u90ae\u4ef6"
        },
        {
            "slug": "mark_as",
            "text": "\u6807\u8bb0\u8be5\u6d88\u606f"
        },
        {
            "slug": "supportticketpriority_add",
            "text": "\u6dfb\u52a0\u670d\u52a1\u5355\u4f18\u5148"
        },
        {
            "slug": "supportticketpriority_edit",
            "text": "\u7f16\u8f91\u670d\u52a1\u5355\u4f18\u5148\u6743"
        },
        {
            "slug": "label_color",
            "text": "\u6807\u7b7e\u989c\u8272"
        },
        {
            "slug": "supportticket_management",
            "text": "\u6280\u672f\u652f\u6301\u670d\u52a1\u5355"
        },
        {
            "slug": "supportticket_add",
            "text": "\u65b0\u5efa\u670d\u52a1\u5355"
        },
        {
            "slug": "supportticket_edit",
            "text": "\u7f16\u8f91\u670d\u52a1\u5355"
        },
        {
            "slug": "supportticket_view",
            "text": "\u67e5\u770b\u670d\u52a1\u5355"
        },
        {
            "slug": "priority",
            "text": "\u4f18\u5148\u6743"
        },
        {
            "slug": "department",
            "text": "\u90e8\u95e8"
        },
        {
            "slug": "new_message",
            "text": "\u65b0\u56de\u590d"
        },
        {
            "slug": "awaiting_reply",
            "text": "\u7b49\u5f85\u56de\u590d"
        },
        {
            "slug": "closed",
            "text": "\u5173\u95ed"
        },
        {
            "slug": "supportticket_delete",
            "text": "\u5220\u9664\u670d\u52a1\u5355"
        },
        {
            "slug": "ticket_overview",
            "text": "\u670d\u52a1\u5355\u6982\u8ff0"
        },
        {
            "slug": "ticket_discussion",
            "text": " \u670d\u52a1\u5355\u8ba8\u8bba"
        },
        {
            "slug": "submit_reply",
            "text": "\u63d0\u4ea4\u56de\u590d"
        },
        {
            "slug": "reply",
            "text": "\u56de\u590d"
        },
        {
            "slug": "set_ticket_status",
            "text": "\u56de\u590d\u4ee5\u53ca\u4fee\u6539\u670d\u52a1\u5355\u72b6\u6001\u5230"
        },
        {
            "slug": "port",
            "text": "\u7aef\u53e3"
        },
        {
            "slug": "message",
            "text": "\u6d88\u606f"
        },
        {
            "slug": "search_client_help",
            "text": "\u67e5\u627e\u5ba2\u6237\u7aef ID\uff0c\u540d\u79f0\u6216\u8005\u7535\u5b50\u90ae\u4ef6"
        },
        {
            "slug": "search_client",
            "text": "\u641c\u7d22\u5ba2\u6237\u7aef"
        },
        {
            "slug": "create_ticket_guest",
            "text": "\u4f5c\u4e3a\u6e38\u5ba2\u521b\u5efa\u652f\u6301\u5355"
        },
        {
            "slug": "email_exists_login",
            "text": "\u4e0e\u8be5\u7535\u5b50\u90ae\u7bb1\u76f8\u540c\u7684\u8d26\u6237\u5df2\u7ecf\u5b58\u5728\uff0c\u8bf7\u60a8\u76f4\u63a5\u767b\u5f55"
        },
        {
            "slug": "support_department_id",
            "text": "\u6280\u672f\u652f\u6301\u90e8\u95e8"
        },
        {
            "slug": "select_client",
            "text": "\u9009\u62e9\u5ba2\u6237\u7aef"
        },
        {
            "slug": "widget_support_desk_active_tickets",
            "text": "\u6709\u6548\u670d\u52a1\u5355"
        },
        {
            "slug": "assigned_staff",
            "text": "\u5206\u914d\u5458\u5de5"
        },
        {
            "slug": "select_staff",
            "text": "\u9009\u62e9\u5458\u5de5"
        },
        {
            "slug": "supportdesk_settings",
            "text": "\u6280\u672f\u652f\u6301\u684c\u9762\u8bbe\u7f6e"
        },
        {
            "slug": "supportdesk_auto_close",
            "text": "\u5141\u8bb8\u670d\u52a1\u5355\u81ea\u52a8\u5173\u95ed"
        },
        {
            "slug": "supportdesk_close_inactivity",
            "text": "\u975e\u6d3b\u52a8\u671f"
        },
        {
            "slug": "supportdesk_auto_close_desc",
            "text": "\u8bbe\u7f6e\u670d\u52a1\u5355\u652f\u6301\u5728\u81ea\u52a8\u5173\u95ed\u524d\u62e5\u6709\u51e0\u79d2"
        },
        {
            "slug": "automation_ticket_close",
            "text": "\u7cfb\u7edf\u4fe1\u606f\uff1a\u7531\u4e8e\u95f2\u7f6e\u8fc7\u4e45\uff0c\u6b64\u652f\u6301\u5355\u5df2\u88ab\u7cfb\u7edf\u81ea\u52a8\u5173\u95ed\u3002"
        }
    ],
    "EmailTemplates": {
        "client_support_ticket_reply": {
            "slug": "client_support_ticket_reply",
            "EmailTemplateTranslation": {
                "subject": "\u5ba2\u6237\u670d\u52a1\u5355\u56de\u590d\u901a\u77e5",
                "html_body_default": "<p>Dear {{client.first_name}} {{client.last_name}},<\/p> <p>Your support ticket at {{settings.general.sitename}} has had a new post and the status is now {{status}}.<\/p> <p>You can view the ticket by visiting the following link: <a href=\"{{ticket_url}}\">{{ticket_url}}<\/a> or see the message below.<\/p> <p>{{{ticket_post}}}<\/p> <p>{{{settings.mail.email_signature_html}}}<\/p>",
                "html_body": "<p>Dear {{client.first_name}} {{client.last_name}},<\/p> <p>Your support ticket at {{settings.general.sitename}} has had a new post and the status is now {{status}}.<\/p> <p>You can view the ticket by visiting the following link: <a href=\"{{ticket_url}}\">{{ticket_url}}<\/a> or see the message below.<\/p> <p>{{{ticket_post}}}<\/p> <p>{{{settings.mail.email_signature_html}}}<\/p>",
                "plaintext_body_default": "Dear {{client.first_name}} {{client.last_name}},\r\n\r\nYour support ticket at {{settings.general.sitename}} has had a reply and the status is now {{status}}.\r\n\r\nYou can view the ticket by visiting the following link: {{ticket_url}} or see the message below\r\n\r\n{{ticket_post}}\r\n\r\n{{settings.mail.email_signature_plaintext}}\t",
                "plaintext_body": "Dear {{client.first_name}} {{client.last_name}},\r\n\r\nYour support ticket at {{settings.general.sitename}} has had a reply and the status is now {{status}}.\r\n\r\nYou can view the ticket by visiting the following link: {{ticket_url}} or see the message below\r\n\r\n{{ticket_post}}\r\n\r\n{{settings.mail.email_signature_plaintext}}\t"
            },
            "name": "Client Support Ticket New Reply",
            "available_tags": "client.first_name,client.last_name,status,ticket_url,ticket_post,settings.general.sitename,settings.mail.email_signature_html,settings.mail.email_signature_plaintext"
        },
        "admin_support_ticket_reply": {
            "slug": "admin_support_ticket_reply",
            "EmailTemplateTranslation": {
                "subject": "\u6280\u672f\u652f\u6301\u670d\u52a1\u5355\u56de\u590d\u901a\u77e5",
                "html_body_default": "<p>The following support ticket at {{settings.general.sitename}} has had a post and the status is now {{status}}.<\/p> <p>You can view the ticket by visiting the following link: <a href=\"{{ticket_url}}\">{{ticket_url}}<\/a> or see the message below.<\/p> <p>{{{ticket_post}}}<\/p>",
                "html_body": "<p>The following support ticket at {{settings.general.sitename}} has had a post and the status is now {{status}}.<\/p> <p>You can view the ticket by visiting the following link: <a href=\"{{ticket_url}}\">{{ticket_url}}<\/a> or see the message below.<\/p> <p>{{{ticket_post}}}<\/p>",
                "plaintext_body_default": "The following support ticket at {{settings.general.sitename}} has had a reply and the status is now {{status}}.\r\n\r\nYou can view the ticket by visiting the following link: {{ticket_url}} or see the message below.\r\n\r\n{{ticket_post}}",
                "plaintext_body": "The following support ticket at {{settings.general.sitename}} has had a reply and the status is now {{status}}.\r\n\r\nYou can view the ticket by visiting the following link: {{ticket_url}} or see the message below.\r\n\r\n{{ticket_post}}"
            },
            "name": "Admin Support Ticket Reply",
            "available_tags": "ticket_url,status,ticket_post,settings.general.sitename,settings.mail.email_signature_html,settings.mail.email_signature_plaintext"
        },
        "admin_support_ticket_assign": {
            "slug": "admin_support_ticket_assign",
            "EmailTemplateTranslation": {
                "subject": "\u5206\u914d\u7ed9\u6280\u672f\u652f\u6301\u670d\u52a1\u5355",
                "html_body_default": "&lt;p&gt;{{settings.general.sitename}}\uff0c\u60a8\u88ab\u5206\u914d\u5230\u4e00\u4e2a\u652f\u6301\u5355\u3002&lt;\/p&gt; &lt;p&gt;\u67e5\u770b\u8be5\u652f\u6301\u5355\uff1a&lt;a href=&quot;{{ticket_url}}&quot;&gt;{{ticket_url}}&lt;\/a&gt;&lt;\/p&gt;",
                "html_body": "&lt;p&gt;{{settings.general.sitename}}\uff0c\u60a8\u88ab\u5206\u914d\u5230\u4e00\u4e2a\u652f\u6301\u5355\u3002&lt;\/p&gt; &lt;p&gt;\u67e5\u770b\u8be5\u652f\u6301\u5355\uff1a&lt;a href=&quot;{{ticket_url}}&quot;&gt;{{ticket_url}}&lt;\/a&gt;&lt;\/p&gt;",
                "plaintext_body_default": "You have been assigned to a support ticket at {{settings.general.sitename}}.\r\n\r\nView the ticket at {{ticket_url}}",
                "plaintext_body": "You have been assigned to a support ticket at {{settings.general.sitename}}.\r\n\r\nView the ticket at {{ticket_url}}"
            },
            "name": "Staff Assigned to support ticket",
            "available_tags": "ticket_url,settings.general.sitename,settings.mail.email_signature_html,settings.mail.email_signature_plaintext"
        }
    }
}