{
    "name": "Swedish",
    "slug": "sv",
    "is_active": "1",
    "language_code": "sv",
    "text_direction": "LTR",
    "addon": "support_desk",
    "Strings": [
        {
            "slug": "supportdesk",
            "text": "Support"
        },
        {
            "slug": "supportdesk-tickets",
            "text": "&Auml;renden"
        },
        {
            "slug": "supportdepartment_management",
            "text": "Supportavdelningar"
        },
        {
            "slug": "supportticketpriority_management",
            "text": "Prioritet"
        },
        {
            "slug": "supportdepartment_add",
            "text": "Skapa supportavdelning"
        },
        {
            "slug": "supportdepartment_edit",
            "text": "Redigera Supportavdelningar"
        },
        {
            "slug": "notification_email",
            "text": "E-postnotifikation"
        },
        {
            "slug": "piping",
            "text": "E-postdirigering (Piping)"
        },
        {
            "slug": "auto_respond",
            "text": "Automatiskt e-postsvar"
        },
        {
            "slug": "inbox_name",
            "text": "Inkorgens namn"
        },
        {
            "slug": "mark_as",
            "text": "Markera som"
        },
        {
            "slug": "piping_email",
            "text": "Adress att anv&auml;nda f&ouml;r e-postdirigering (Email Piping)"
        },
        {
            "slug": "supportticketpriority_add",
            "text": "L&auml;gg till prioritet"
        },
        {
            "slug": "supportticketpriority_edit",
            "text": "Redigera prioritet"
        },
        {
            "slug": "label_color",
            "text": "Etikettf&auml;rg"
        },
        {
            "slug": "supportticket_management",
            "text": "Support&auml;renden"
        },
        {
            "slug": "supportticket_add",
            "text": "Skapa &auml;rende"
        },
        {
            "slug": "supportticket_edit",
            "text": "Redigera &auml;rende"
        },
        {
            "slug": "supportticket_view",
            "text": "Visa &auml;rende"
        },
        {
            "slug": "priority",
            "text": "Prioritet"
        },
        {
            "slug": "department",
            "text": "Avdelning"
        },
        {
            "slug": "new_message",
            "text": "Nytt svar"
        },
        {
            "slug": "awaiting_reply",
            "text": "V&auml;ntar svar"
        },
        {
            "slug": "on_hold",
            "text": "V&auml;ntande"
        },
        {
            "slug": "closed",
            "text": "St&auml;ngd"
        },
        {
            "slug": "supportticket_delete",
            "text": "Ta bort &auml;rende"
        },
        {
            "slug": "ticket_overview",
            "text": "&Auml;rende&ouml;versikt"
        },
        {
            "slug": "ticket_discussion",
            "text": "&Auml;rendediskussion"
        },
        {
            "slug": "submit_reply",
            "text": "Skicka svar"
        },
        {
            "slug": "reply",
            "text": "Svara"
        },
        {
            "slug": "set_ticket_status",
            "text": "Svara och &auml;ndra &auml;rendestatus till"
        },
        {
            "slug": "port",
            "text": "Port"
        },
        {
            "slug": "message",
            "text": "Meddelande"
        },
        {
            "slug": "search_client_help",
            "text": "Hitta genom att ange ID, namn eller e-post"
        },
        {
            "slug": "search_client",
            "text": "Kunds&ouml;k"
        },
        {
            "slug": "create_ticket_guest",
            "text": "Skapa &auml;rende som g&auml;st"
        },
        {
            "slug": "email_exists_login",
            "text": "Ett konto med den e-postadressen existerar redan, var god logga in innan du skapar ett &auml;rende."
        },
        {
            "slug": "support_department_id",
            "text": "Supportavdelning"
        },
        {
            "slug": "select_client",
            "text": "V&auml;lj kund"
        },
        {
            "slug": "widget_support_desk_active_tickets",
            "text": "Aktiva &auml;renden"
        },
        {
            "slug": "assigned_staff",
            "text": "&Auml;gare"
        },
        {
            "slug": "assign_staff",
            "text": "Tilldela"
        },
        {
            "slug": "select_staff",
            "text": "V&auml;lj anst&auml;lld"
        },
        {
            "slug": "supportdesk_settings",
            "text": "Inst&auml;llningar f&ouml;r support&auml;renden"
        },
        {
            "slug": "supportdesk_auto_close",
            "text": "St&auml;ng &auml;renden automatiskt"
        },
        {
            "slug": "supportdesk_close_inactivity",
            "text": "Inaktivitetsperiod"
        },
        {
            "slug": "supportdesk_auto_close_desc",
            "text": "St&auml;ll in tiden i sekunder tills dess att ett inaktivt support&auml;rende st&auml;ngs automatiskt."
        },
        {
            "slug": "automation_ticket_close",
            "text": "Automatiskt meddelande: &Auml;rendet har st&auml;ngs f&ouml;r inaktivitet."
        },
        {
            "slug": "automation",
            "text": "Automation"
        }
    ],
    "EmailTemplates": {
        "client_support_ticket_reply": {
            "slug": "client_support_ticket_reply",
            "EmailTemplateTranslation": {
                "subject": "Notifikation om svar p&aring; support&auml;rende",
                "html_body_default": "&lt;p&gt;K&auml;ra {{client.first_name}} {{client.last_name}},&lt;\/p&gt; &lt;p&gt;Ditt support&auml;rende hos {{settings.general.sitename}} har f&aring;tt ett nytt svar och statusen &auml;r nu {{status}}.&lt;\/p&gt; &lt;p&gt;F&ouml;r att visa &auml;rendet f&ouml;lj l&auml;nken: &lt;a href=&quot;{{ticket_url}}&quot;&gt;{{ticket_url}}&lt;\/a&gt; eller se svaret nedan.&lt;\/p&gt; &lt;p&gt;{{{ticket_post}}}&lt;\/p&gt; &lt;p&gt;{{{settings.mail.email_signature_html}}}&lt;\/p&gt;",
                "html_body": "&lt;p&gt;K&auml;ra {{client.first_name}} {{client.last_name}},&lt;\/p&gt; &lt;p&gt;Ditt support&auml;rende hos {{settings.general.sitename}} har f&aring;tt ett nytt svar och statusen &auml;r nu {{status}}.&lt;\/p&gt; &lt;p&gt;F&ouml;r att visa &auml;rendet f&ouml;lj l&auml;nken: &lt;a href=&quot;{{ticket_url}}&quot;&gt;{{ticket_url}}&lt;\/a&gt; eller se svaret nedan.&lt;\/p&gt; &lt;p&gt;{{{ticket_post}}}&lt;\/p&gt; &lt;p&gt;{{{settings.mail.email_signature_html}}}&lt;\/p&gt;",
                "plaintext_body_default": "Dear K&auml;ra {{client.first_name}} {{client.last_name}},\r\n\r\nDitt support&auml;rende hos {{settings.general.sitename}} har f&aring;tt ett nytt svar och statusen &auml;r nu {{status}}.\r\n\r\nF&ouml;r att visa &auml;rendet f&ouml;lj l&auml;nken: {{ticket_url}} eller se svaret nedan.\r\n\r\n{{ticket_post}}\r\n\r\n{{settings.mail.email_signature_plaintext}}",
                "plaintext_body": "Dear K&auml;ra {{client.first_name}} {{client.last_name}},\r\n\r\nDitt support&auml;rende hos {{settings.general.sitename}} har f&aring;tt ett nytt svar och statusen &auml;r nu {{status}}.\r\n\r\nF&ouml;r att visa &auml;rendet f&ouml;lj l&auml;nken: {{ticket_url}} eller se svaret nedan.\r\n\r\n{{ticket_post}}\r\n\r\n{{settings.mail.email_signature_plaintext}}"
            },
            "name": "Client Support Ticket New Reply",
            "available_tags": "client.first_name,client.last_name,status,ticket_url,ticket_post,settings.general.sitename,settings.mail.email_signature_html,settings.mail.email_signature_plaintext"
        },
        "admin_support_ticket_reply": {
            "slug": "admin_support_ticket_reply",
            "EmailTemplateTranslation": {
                "subject": "Notifikation om svar p&aring; support&auml;rende",
                "html_body_default": "&lt;p&gt;F&ouml;ljande support&auml;rende hos {{settings.general.sitename}} har f&aring;tt ett svar och statusen &auml;r nu {{status}}.&lt;\/p&gt; &lt;p&gt; F&ouml;r att visa &auml;rendet f&ouml;lj l&auml;nken: &lt;a href=&quot;{{ticket_url}}&quot;&gt;{{ticket_url}}&lt;\/a&gt; eller se svaret nedan.&lt;\/p&gt; &lt;p&gt;{{{ticket_post}}}&lt;\/p&gt;",
                "html_body": "&lt;p&gt;F&ouml;ljande support&auml;rende hos {{settings.general.sitename}} har f&aring;tt ett svar och statusen &auml;r nu {{status}}.&lt;\/p&gt; &lt;p&gt; F&ouml;r att visa &auml;rendet f&ouml;lj l&auml;nken: &lt;a href=&quot;{{ticket_url}}&quot;&gt;{{ticket_url}}&lt;\/a&gt; eller se svaret nedan.&lt;\/p&gt; &lt;p&gt;{{{ticket_post}}}&lt;\/p&gt;",
                "plaintext_body_default": "&lt;p&gt;F&ouml;ljande support&auml;rende hos {{settings.general.sitename}} har f&aring;tt ett svar och statusen &auml;r nu {{status}}.&lt;\/p&gt; &lt;p&gt; F&ouml;r att visa &auml;rendet f&ouml;lj l&auml;nken: &lt;a href=&quot;{{ticket_url}}&quot;&gt;{{ticket_url}}&lt;\/a&gt; eller se svaret nedan.&lt;\/p&gt; &lt;p&gt;{{{ticket_post}}}&lt;\/p&gt;\r\n\r\nF&ouml;ljande support&auml;rende hos {{settings.general.sitename}} har f&aring;tt ett nytt svar och statusen &auml;r nu {{status}}.\r\n\r\nF&ouml;r att visa &auml;rendet f&ouml;lj l&auml;nken: {{ticket_url}} eller se svaret nedan.\r\n\r\n{{ticket_post}}",
                "plaintext_body": "&lt;p&gt;F&ouml;ljande support&auml;rende hos {{settings.general.sitename}} har f&aring;tt ett svar och statusen &auml;r nu {{status}}.&lt;\/p&gt; &lt;p&gt; F&ouml;r att visa &auml;rendet f&ouml;lj l&auml;nken: &lt;a href=&quot;{{ticket_url}}&quot;&gt;{{ticket_url}}&lt;\/a&gt; eller se svaret nedan.&lt;\/p&gt; &lt;p&gt;{{{ticket_post}}}&lt;\/p&gt;\r\n\r\nF&ouml;ljande support&auml;rende hos {{settings.general.sitename}} har f&aring;tt ett nytt svar och statusen &auml;r nu {{status}}.\r\n\r\nF&ouml;r att visa &auml;rendet f&ouml;lj l&auml;nken: {{ticket_url}} eller se svaret nedan.\r\n\r\n{{ticket_post}}"
            },
            "name": "Admin Support Ticket Reply",
            "available_tags": "ticket_url,status,ticket_post,settings.general.sitename,settings.mail.email_signature_html,settings.mail.email_signature_plaintext"
        },
        "admin_support_ticket_assign": {
            "slug": "admin_support_ticket_assign",
            "EmailTemplateTranslation": {
                "subject": "Tilldelad support&auml;rende",
                "html_body_default": "&lt;p&gt;Du har blivit tilldelas ett support&auml;rende hos  {{settings.general.sitename}}.&lt;\/p&gt; &lt;p&gt;F&ouml;r att visa &auml;rendet f&ouml;lj l&auml;nken &lt;a href=&quot;{{ticket_url}}&quot;&gt;{{ticket_url}}&lt;\/a&gt;&lt;\/p&gt;",
                "html_body": "&lt;p&gt;Du har blivit tilldelas ett support&auml;rende hos  {{settings.general.sitename}}.&lt;\/p&gt; &lt;p&gt;F&ouml;r att visa &auml;rendet f&ouml;lj l&auml;nken &lt;a href=&quot;{{ticket_url}}&quot;&gt;{{ticket_url}}&lt;\/a&gt;&lt;\/p&gt;",
                "plaintext_body_default": "Du har blivit tilldelad ett support&auml;rende hos {{settings.general.sitename}}.\r\n\r\nF&ouml;r att visa &auml;rendet, f&ouml;lj l&auml;nken {{ticket_url}}",
                "plaintext_body": "Du har blivit tilldelad ett support&auml;rende hos {{settings.general.sitename}}.\r\n\r\nF&ouml;r att visa &auml;rendet, f&ouml;lj l&auml;nken {{ticket_url}}"
            },
            "name": "Staff Assigned to support ticket",
            "available_tags": "ticket_url,settings.general.sitename,settings.mail.email_signature_html,settings.mail.email_signature_plaintext"
        }
    }
}