{
    "name": "Chinese",
    "slug": "zh",
    "is_active": "1",
    "language_code": "zh",
    "text_direction": "LTR",
    "addon": "knowledge_base",
    "Strings": [
        {
            "slug": "knowledgebase",
            "text": "\u77e5\u8bc6\u5e93"
        },
        {
            "slug": "kbarticle_management",
            "text": "\u77e5\u8bc6\u5e93\u6587\u7ae0"
        },
        {
            "slug": "kbarticle_add",
            "text": "\u6dfb\u52a0\u6587\u7ae0"
        },
        {
            "slug": "kbarticle_edit",
            "text": "\u7f16\u8f91\u6587\u7ae0"
        },
        {
            "slug": "kbcategory_management",
            "text": "\u77e5\u8bc6\u5e93\u5168\u90e8\u5206\u7c7b"
        },
        {
            "slug": "kbcategory_add",
            "text": "\u6dfb\u52a0\u5206\u7c7b"
        },
        {
            "slug": "kbcategory_edit",
            "text": "\u7f16\u8f91\u5206\u7c7b"
        },
        {
            "slug": "kbarticle",
            "text": "\u6587\u7ae0"
        },
        {
            "slug": "kbcategory",
            "text": "\u5206\u7c7b"
        },
        {
            "slug": "kbarticles",
            "text": "\u6587\u7ae0\u6570"
        },
        {
            "slug": "kbcategories",
            "text": "\u5168\u90e8\u5206\u7c7b"
        },
        {
            "slug": "rating_up",
            "text": "\u5bf9\u6211\u6709\u7528"
        },
        {
            "slug": "rating_down",
            "text": "\u5bf9\u6211\u6ca1\u7528"
        },
        {
            "slug": "search_articles",
            "text": "\u641c\u7d22\u77e5\u8bc6\u5e93\u6587\u7ae0..."
        },
        {
            "slug": "latest_articles",
            "text": "\u6700\u65b0\u6587\u7ae0"
        },
        {
            "slug": "find_useful",
            "text": "\u4f60\u8ba4\u4e3a\u8fd9\u7bc7\u6587\u7ae0\u5bf9\u4f60\u6709\u7528\uff1f"
        },
        {
            "slug": "rating_display",
            "text": "{{rating-total}} \u4eba\u70b9\u8bc4\u4e86\u8fd9\u7bc7\u6587\u7ae0\u5176\u4e2d{{rating-up}}  \u4eba\u8ba4\u4e3a\u8fd9\u7bc7\u6587\u7ae0\u5bf9\u4ed6\u6709\u7528"
        },
        {
            "slug": "cant_find_answer",
            "text": "\u4e0d\u80fd\u627e\u5230\u7b54\u6848\uff1f"
        },
        {
            "slug": "kb_category_id",
            "text": "\u5206\u7c7b ID"
        }
    ],
    "EmailTemplates": []
}