{
    "name": "Chinese",
    "slug": "zh",
    "is_active": "1",
    "language_code": "zh",
    "text_direction": "LTR",
    "addon": "cpanel",
    "Strings": [
        {
            "slug": "cpanel_remote_access_key",
            "text": "\u8fdc\u7a0b\u8bbf\u95ee\u5bc6\u94a5"
        },
        {
            "slug": "cpanel_server_custom_fields",
            "text": "cPanel\u670d\u52a1\u5668\u81ea\u5b9a\u4e49\u5b57\u6bb5"
        },
        {
            "slug": "cpanel_server_remote_access_key_help_text",
            "text": "\u4f60\u53ef\u4ee5\u901a\u8fc7WHM\u4e3b\u9875 &raquo; \u7fa4\u96c6 &raquo; \u8fdc\u7a0b\u8bbf\u95ee\u5bc6\u94a5 &raquo; \u83b7\u53d6\u8fdc\u7a0b\u8bbf\u95ee\u5bc6\u94a5"
        }
    ],
    "EmailTemplates": []
}