{
    "name": "Macedonian",
    "slug": "mk",
    "is_active": "1",
    "language_code": "mk",
    "text_direction": "LTR",
    "addon": "uploader",
    "Strings": [
        {
            "slug": "add_new_file",
            "text": "\u0414\u043e\u0434\u0430\u0434\u0438 \u043d\u043e\u0432\u0430 \u0434\u0430\u0442\u043e\u0442\u0435\u043a\u0430"
        },
        {
            "slug": "attach_files",
            "text": "\u041f\u0440\u0438\u043a\u0430\u0447\u0438 \u0434\u0430\u0442\u043e\u0442\u0435\u043a\u0430"
        },
        {
            "slug": "existing_files",
            "text": "\u041b\u0438\u0441\u0442\u0430 \u043d\u0430 \u0434\u0430\u0442\u043e\u0442\u0435\u043a\u0438"
        },
        {
            "slug": "choose_file",
            "text": "\u0418\u0437\u0431\u0435\u0440\u0438 \u0434\u0430\u0442\u043e\u0442\u0435\u043a\u0430"
        }
    ],
    "EmailTemplates": []
}