{
    "name": "Chinese",
    "slug": "zh",
    "is_active": "1",
    "language_code": "zh",
    "text_direction": "LTR",
    "addon": "logicboxes",
    "Strings": [
        {
            "slug": "logicboxes_settings",
            "text": "LogicBoxes\u7684\u8bbe\u7f6e"
        },
        {
            "slug": "logicboxes_eligibility_type",
            "text": "\u8d44\u683c\u8bc1\u4ef6\u7c7b\u578b"
        },
        {
            "slug": "logicboxes_eligibility_id",
            "text": "\u5408\u683c\u8bc1"
        },
        {
            "slug": "logicboxes_eligibility_reason",
            "text": "\u8d44\u683c\u7684\u539f\u56e0"
        },
        {
            "slug": "logicboxes_eligibility_reason_exact_match",
            "text": "\u57df\u540d\u662f\u4e00\u4e2a\u5b8c\u5168\u5339\u914d\u6216\u7f29\u5199\u6216\u7f29\u5199\u7684\u5b9e\u4f53\u4ee5\u53ca\u516c\u53f8\u540d\u79f0\u3002"
        },
        {
            "slug": "logicboxes_eligibility_reason_close_connection",
            "text": "\u57df\u540d\u548c\u4f60\u7684\u4e1a\u52a1\u5b9e\u4f53\u4e4b\u95f4\u7684\u5bc6\u5207\u7684\u3001\u5b9e\u8d28\u6027\u7684\u8054\u7cfb\u3002"
        },
        {
            "slug": "logicboxes_au_warranty",
            "text": "\u63d0\u4ea4\u6b64\u7533\u8bf7\uff0c\u6211\u786e\u8ba4\u6211\u6709\u8d44\u683c\u6301\u6709\u57df\u540d\u63d0\u51fa\u672c\u7533\u8bf7\uff0c\u5e76\u5728\u672c\u7533\u8bf7\u8868\u6240\u63d0\u4f9b\u7684\u4fe1\u606f\u662f\u771f\u5b9e\uff0c\u5b8c\u6574\u548c\u6b63\u786e\u7684\uff0c\u662f\u4e0d\u4ee5\u4efb\u4f55\u65b9\u5f0f\u8bef\u5bfc\u3002\u5982\u679c\u7eed\u671f\u53d1\u73b0\u6240\u63d0\u4f9b\u7684\u4fe1\u606f\u975e\u771f\u5b9e\uff0c\u6211\u540c\u610f\u53d6\u6d88\u57df\u540d\u8bb8\u53ef\uff0c\u6211\u660e\u767d\u8fd9\u5c06\u5bfc\u81f4\u4e00\u4e2a\u57df\u540d\u7684\u6c38\u4e45\u6027\u7684\u635f\u5931\u3002"
        },
        {
            "slug": "logicboxes_au_agree_to_warranty",
            "text": "\u6211\u540c\u610f.AU\u540e\u7f00\u57df\u540d\u7684\u8bb8\u53ef\u6761\u6b3e"
        },
        {
            "slug": "logicboxes_australian_company_number",
            "text": "\u6fb3\u5927\u5229\u4e9a\u516c\u53f8\u7f16\u53f7\uff08ACN\uff09"
        },
        {
            "slug": "logicboxes_australian_bus_no",
            "text": "\u6fb3\u6d32\u5546\u4e1a\u53f7\u7801\uff08ABN\uff09"
        },
        {
            "slug": "logicboxes_victoria_bus_no",
            "text": "\u7ef4\u591a\u5229\u4e9a\u5546\u4e1a\u53f7\u7801\uff08VIC BN\uff09"
        },
        {
            "slug": "logicboxes_new_south_wales_bus_no",
            "text": "\u65b0\u5357\u5a01\u5c14\u58eb\u5dde\u5546\u4e1a\u53f7\u7801\uff08NSW BN\uff09"
        },
        {
            "slug": "logicboxes_south_australia_bus_no",
            "text": "\u6fb3\u5927\u5229\u4e9a\u5357\u90e8\u5546\u4e1a\u53f7\u7801\uff08SA BN\uff09"
        },
        {
            "slug": "logicboxes_northern_territory_bus_no",
            "text": "\u8bfa\u4ec0\u533a\u57df\u5546\u4e1a\u53f7\u7801\uff08NT BN\uff09"
        },
        {
            "slug": "logicboxes_western_australia_bus_no",
            "text": "\u6fb3\u5927\u5229\u4e9a\u897f\u90e8\u5546\u4e1a\u53f7\u7801\uff08WA BN\uff09"
        },
        {
            "slug": "logicboxes_tasmania_bus_no",
            "text": "\u5854\u65af\u9a6c\u5c3c\u4e9a\u5546\u4e1a\u53f7\u7801\uff08TAS BN\uff09"
        },
        {
            "slug": "logicboxes_australian_capital_territory_bus_no",
            "text": "\u6fb3\u5927\u5229\u4e9a\u9996\u90fd\u5730\u533a\u4f01\u4e1a\u6570\u91cf\uff08ACT BN\uff09"
        },
        {
            "slug": "logicboxes_queensland_bus_no",
            "text": "\u6606\u58eb\u5170\u5dde\u5546\u4e1a\u53f7\u7801\uff08QLD BN\uff09"
        },
        {
            "slug": "logicboxes_trademark_no",
            "text": "\u5546\u6807"
        },
        {
            "slug": "logicboxes_australian_registered_body_no",
            "text": "\u6fb3\u5927\u5229\u4e9a\u6ce8\u518c\u673a\u6784\u7f16\u53f7\uff08ARBN\uff09"
        },
        {
            "slug": "logicboxes_other",
            "text": "\u5176\u4ed6"
        },
        {
            "slug": "logicboxes_entity_type",
            "text": "\u5b9e\u4f53\u7c7b\u578b"
        },
        {
            "slug": "logicboxes_registrant_name",
            "text": "\u6ce8\u518c\u540d\u79f0"
        },
        {
            "slug": "logicboxes_trademark_owner",
            "text": "\u5546\u6807\u6240\u6709\u8005"
        },
        {
            "slug": "logicboxes_pending_trademark_owner",
            "text": "\u5ba1\u6838\u5546\u6807\u6240\u6709\u8005"
        },
        {
            "slug": "logicboxes_domain_hosted_in_china",
            "text": "\u8fd9\u4e2a\u57df\u540d\u8981\u88ab\u7528\u4e8e\u4e2d\u56fd\u4e48\uff1f"
        },
        {
            "slug": "logicboxes_agree_hosting_outside_china",
            "text": "\u6211\u540c\u610f\u6211\u4e0d\u4f1a\u5c06\u57df\u540d\u89e3\u6790\u5230\u4e2d\u56fd\u5927\u9646\u7684\u670d\u52a1\u5668\u4e0a\u3002\u6211\u63a5\u53d7\u627f\u8bfa\u8fdd\u7ea6\u9020\u6210\u7684\u4efb\u4f55\u540e\u679c\uff0c\u5e76\u5bf9\u5176\u627f\u62c5\u5168\u90e8\u8d23\u4efb\u3002"
        },
        {
            "slug": "logicboxes_agree_hosting_china",
            "text": "\u6211\u786e\u8ba4\u6211\u5c06\u81ea\u884c\u83b7\u53d6CN\u57df\u540d\u7684ICP\u5907\u6848\u7f16\u53f7\uff0c\u5982\u679c\u4ed6\u4eec\u88ab\u6258\u7ba1\u5728\u4e2d\u56fd\u5927\u9646\uff0c\u6211\u7684\u57df\u540d\u4e5f\u4e0d\u4f1a\u4e3b\u52a8\u5230\u88ab\u5904\u7406\u7684\u9ed1\u540d\u5355\u5185\u3002\u6211\u63a5\u53d7\u627f\u8bfa\u8fdd\u7ea6\u9020\u6210\u7684\u4efb\u4f55\u540e\u679c\uff0c\u5e76\u627f\u62c5\u5168\u90e8\u8d23\u4efb\u3002"
        },
        {
            "slug": "logicboxes_publish_whois",
            "text": "\u786e\u5b9a\u53d1\u5e03\u8054\u7cfb\u8d44\u6599\u5728WHOIS\u516c\u5171\u6570\u636e\u5e93\u91cc\uff1f"
        },
        {
            "slug": "logicboxes_individual",
            "text": "\u4e2a\u4f53"
        },
        {
            "slug": "logicboxes_organization",
            "text": "\u7ec4\u7ec7\/\u4f01\u4e1a"
        }
    ],
    "EmailTemplates": []
}