{
    "name": "French",
    "slug": "fr",
    "is_active": "1",
    "language_code": "fr",
    "text_direction": "LTR",
    "addon": "uploader",
    "Strings": [
        {
            "slug": "add_new_file",
            "text": "Ajouter un nouveau fichier"
        },
        {
            "slug": "attach_files",
            "text": "Joindre un fichier"
        },
        {
            "slug": "existing_files",
            "text": "Les fichiers sont existants"
        },
        {
            "slug": "choose_file",
            "text": "Choisissez un fichier"
        }
    ],
    "EmailTemplates": []
}