{
    "name": "Spanish",
    "slug": "es",
    "is_active": "1",
    "language_code": "es",
    "text_direction": "LTR",
    "addon": "support_desk",
    "Strings": [
        {
            "slug": "supportdesk",
            "text": "Soporte"
        },
        {
            "slug": "supportdesk-tickets",
            "text": "Tickets"
        },
        {
            "slug": "supportdepartment_management",
            "text": "Departamentos de Soporte"
        },
        {
            "slug": "supportticketpriority_management",
            "text": "Prioridades del Ticket"
        },
        {
            "slug": "supportdepartment_add",
            "text": "Agregar Departamento de Soporte"
        },
        {
            "slug": "supportdepartment_edit",
            "text": "Editar Departamento de Soporte"
        },
        {
            "slug": "notification_email",
            "text": "Email de Notificacion"
        },
        {
            "slug": "auto_respond",
            "text": "Respuesta Automatica de Email"
        },
        {
            "slug": "inbox_name",
            "text": "Nombre de la Bandeja de Entrada"
        },
        {
            "slug": "mark_as",
            "text": "Marcar mensaje como"
        },
        {
            "slug": "supportticketpriority_add",
            "text": "Agregar Prioridad del Ticket"
        },
        {
            "slug": "supportticketpriority_edit",
            "text": "Editar Prioridad del Ticket"
        },
        {
            "slug": "label_color",
            "text": "Color de la Etiqueta"
        },
        {
            "slug": "supportticket_management",
            "text": "Tickets de Soporte"
        },
        {
            "slug": "supportticket_add",
            "text": "Crear Ticket"
        },
        {
            "slug": "supportticket_edit",
            "text": "Editar Ticket"
        },
        {
            "slug": "supportticket_view",
            "text": "Ver Ticket"
        },
        {
            "slug": "priority",
            "text": "Prioridad"
        },
        {
            "slug": "department",
            "text": "Departamento"
        },
        {
            "slug": "new_message",
            "text": "Nueva Respuesta"
        },
        {
            "slug": "awaiting_reply",
            "text": "Esperando Respuesta"
        },
        {
            "slug": "on_hold",
            "text": "En Espera"
        },
        {
            "slug": "closed",
            "text": "Cerrado"
        },
        {
            "slug": "supportticket_delete",
            "text": "Eliminar Ticket"
        },
        {
            "slug": "submit_reply",
            "text": "Enviar Respuesta"
        },
        {
            "slug": "reply",
            "text": "Responder"
        },
        {
            "slug": "set_ticket_status",
            "text": "Responder y editar el estado del ticket a"
        },
        {
            "slug": "port",
            "text": "Puerto"
        },
        {
            "slug": "message",
            "text": "Mensaje"
        },
        {
            "slug": "search_client_help",
            "text": "Buscar Cliente por ID, nombre o email"
        },
        {
            "slug": "search_client",
            "text": "Buscar Clientes"
        },
        {
            "slug": "create_ticket_guest",
            "text": "Crear ticket como invitado"
        },
        {
            "slug": "email_exists_login",
            "text": "Ya existe una cuenta con esa direccion de email, por favor ingrese antes de crear el ticket."
        },
        {
            "slug": "support_department_id",
            "text": "Departamento de Soporte"
        },
        {
            "slug": "select_client",
            "text": "Seleccionar Cliente"
        },
        {
            "slug": "widget_support_desk_active_tickets",
            "text": "Tickets Activos"
        },
        {
            "slug": "assigned_staff",
            "text": "Personal Asignado"
        },
        {
            "slug": "assign_staff",
            "text": "Asignar Personal"
        },
        {
            "slug": "select_staff",
            "text": "Seleccionar Personal"
        },
        {
            "slug": "supportdesk_settings",
            "text": "Configuraciones Centro de Soporte"
        },
        {
            "slug": "supportdesk_auto_close",
            "text": "Permitir cerrado automatico de tickets"
        },
        {
            "slug": "supportdesk_close_inactivity",
            "text": "Periodo de inactividad"
        },
        {
            "slug": "supportdesk_auto_close_desc",
            "text": "Elija el numero de segundos que un ticket debe estar inactivo para cerrarse automaticamente."
        },
        {
            "slug": "automation_ticket_close",
            "text": "MENSAJE AUTOMATICO: Este tema fue cerrado por inactividad."
        },
        {
            "slug": "automation",
            "text": "Automatizacion"
        }
    ],
    "EmailTemplates": {
        "client_support_ticket_reply": {
            "slug": "client_support_ticket_reply",
            "EmailTemplateTranslation": {
                "subject": "Notificacion de Respuesta de Ticket de Soporte",
                "html_body_default": "&lt;p&gt;Estimado {{client.first_name}} {{client.last_name}},&lt;\/p&gt; &lt;p&gt;Su ticket de soporte en {{settings.general.sitename}} tuvo una respuesta y el nuevo estado es {{status}}.&lt;\/p&gt; &lt;p&gt;Puedes ver el ticket visitando el siguiente enlace: &lt;a href=&quot;{{ticket_url}}&quot;&gt;{{ticket_url}}&lt;\/a&gt; o puedes mirar el mensaje abajo.&lt;\/p&gt; &lt;p&gt;{{{ticket_post}}}&lt;\/p&gt; &lt;p&gt;{{{settings.mail.email_signature_html}}}&lt;\/p&gt;",
                "html_body": "&lt;p&gt;Estimado {{client.first_name}} {{client.last_name}},&lt;\/p&gt; &lt;p&gt;Su ticket de soporte en {{settings.general.sitename}} tuvo una respuesta y el nuevo estado es {{status}}.&lt;\/p&gt; &lt;p&gt;Puedes ver el ticket visitando el siguiente enlace: &lt;a href=&quot;{{ticket_url}}&quot;&gt;{{ticket_url}}&lt;\/a&gt; o puedes mirar el mensaje abajo.&lt;\/p&gt; &lt;p&gt;{{{ticket_post}}}&lt;\/p&gt; &lt;p&gt;{{{settings.mail.email_signature_html}}}&lt;\/p&gt;",
                "plaintext_body_default": "Estimado {{client.first_name}} {{client.last_name}},\r\n\r\nSu ticket de soporte en {{settings.general.sitename}} tuvo una respuesta y el nuevo estado es {{status}}.\r\n\r\nPuedes ver el ticket visitando el siguiente enlace: {{ticket_url}} or see the message below\r\n\r\n{{ticket_post}}\r\n\r\n{{settings.mail.email_signature_plaintext}}",
                "plaintext_body": "Estimado {{client.first_name}} {{client.last_name}},\r\n\r\nSu ticket de soporte en {{settings.general.sitename}} tuvo una respuesta y el nuevo estado es {{status}}.\r\n\r\nPuedes ver el ticket visitando el siguiente enlace: {{ticket_url}} or see the message below\r\n\r\n{{ticket_post}}\r\n\r\n{{settings.mail.email_signature_plaintext}}"
            },
            "name": "Client Support Ticket New Reply",
            "available_tags": "client.first_name,client.last_name,status,ticket_url,ticket_post,settings.general.sitename,settings.mail.email_signature_html,settings.mail.email_signature_plaintext"
        },
        "admin_support_ticket_reply": {
            "slug": "admin_support_ticket_reply",
            "EmailTemplateTranslation": {
                "subject": "Notificacion de Respuesta de Ticket de Soporte",
                "html_body_default": "&lt;p&gt;El ticket de soporte en {{settings.general.sitename}} tuvo una respuesta y el nuevo estado es {{status}}.&lt;\/p&gt; &lt;p&gt;Puedes ver el ticket visitando el siguiente enlace: &lt;a href=&quot;{{ticket_url}}&quot;&gt;{{ticket_url}}&lt;\/a&gt; o puedes mirar el mensaje abajo.&lt;\/p&gt; &lt;p&gt;{{{ticket_post}}}&lt;\/p&gt;",
                "html_body": "&lt;p&gt;El ticket de soporte en {{settings.general.sitename}} tuvo una respuesta y el nuevo estado es {{status}}.&lt;\/p&gt; &lt;p&gt;Puedes ver el ticket visitando el siguiente enlace: &lt;a href=&quot;{{ticket_url}}&quot;&gt;{{ticket_url}}&lt;\/a&gt; o puedes mirar el mensaje abajo.&lt;\/p&gt; &lt;p&gt;{{{ticket_post}}}&lt;\/p&gt;",
                "plaintext_body_default": "El siguiente ticket de soporte en {{settings.general.sitename}} tuvo una respuesta y el nuevo estado es {{status}}.\r\n\r\nPuede ver el ticket visitando el siguiente enlace: {{ticket_url}} o puedes mirar el mensaje abajo.\r\n\r\n{{ticket_post}}",
                "plaintext_body": "El siguiente ticket de soporte en {{settings.general.sitename}} tuvo una respuesta y el nuevo estado es {{status}}.\r\n\r\nPuede ver el ticket visitando el siguiente enlace: {{ticket_url}} o puedes mirar el mensaje abajo.\r\n\r\n{{ticket_post}}"
            },
            "name": "Admin Support Ticket Reply",
            "available_tags": "ticket_url,status,ticket_post,settings.general.sitename,settings.mail.email_signature_html,settings.mail.email_signature_plaintext"
        },
        "admin_support_ticket_assign": {
            "slug": "admin_support_ticket_assign",
            "EmailTemplateTranslation": {
                "subject": "Asignado a un Ticket de Soporte",
                "html_body_default": "&lt;p&gt;Tiene asignado un ticket de soporte en {{settings.general.sitename}}.&lt;\/p&gt; &lt;p&gt;Vea el ticket en &lt;a href=&quot;{{ticket_url}}&quot;&gt;{{ticket_url}}&lt;\/a&gt;&lt;\/p&gt;",
                "html_body": "&lt;p&gt;Tiene asignado un ticket de soporte en {{settings.general.sitename}}.&lt;\/p&gt; &lt;p&gt;Vea el ticket en &lt;a href=&quot;{{ticket_url}}&quot;&gt;{{ticket_url}}&lt;\/a&gt;&lt;\/p&gt;",
                "plaintext_body_default": "Usted tiene un ticket de soporte asignado en {{settings.general.sitename}}.\r\n\r\nPuede ver el ticket en {{ticket_url}}",
                "plaintext_body": "Usted tiene un ticket de soporte asignado en {{settings.general.sitename}}.\r\n\r\nPuede ver el ticket en {{ticket_url}}"
            },
            "name": "Staff Assigned to support ticket",
            "available_tags": "ticket_url,settings.general.sitename,settings.mail.email_signature_html,settings.mail.email_signature_plaintext"
        }
    }
}