{
    "name": "French",
    "slug": "fr",
    "is_active": "1",
    "language_code": "fr",
    "text_direction": "LTR",
    "addon": "stripe",
    "Strings": [
        {
            "slug": "stripe_settings",
            "text": "Stripe R&eacute;glages"
        },
        {
            "slug": "stripe_secret_key",
            "text": "Stripe Secret Key"
        },
        {
            "slug": "stripe_publishable_key",
            "text": "Stripe Publishable Key"
        },
        {
            "slug": "stripe_description",
            "text": "Stripe Descriptif"
        },
        {
            "slug": "stripe_image",
            "text": "Stripe Image"
        }
    ],
    "EmailTemplates": []
}