{
    "name": "Swedish",
    "slug": "sv",
    "is_active": "1",
    "language_code": "sv",
    "text_direction": "LTR",
    "addon": "cpanel",
    "Strings": [
        {
            "slug": "cpanel_remote_access_key",
            "text": "cPanel Fj&auml;rr&aring;tkomstnyckel (Remote Access key)"
        },
        {
            "slug": "cpanel_server_custom_fields",
            "text": "Anpassade f&auml;lt f&ouml;r cPanel"
        },
        {
            "slug": "cpanel_server_remote_access_key_help_text",
            "text": "Du kan f&aring; tag i nyckeln om du via WHM navigerar till Home &gt; Cluster\/Remote Access &gt; Setup Remote Access Key"
        }
    ],
    "EmailTemplates": []
}