{
    "name": "Turkish",
    "slug": "tr",
    "is_active": "1",
    "language_code": "tr",
    "text_direction": "LTR",
    "addon": "support_desk",
    "Strings": [
        {
            "slug": "supportdesk",
            "text": "Destek"
        },
        {
            "slug": "supportdesk-tickets",
            "text": "Biletler"
        },
        {
            "slug": "supportdepartment_management",
            "text": "Destek Departmanlar\u0131"
        },
        {
            "slug": "supportdepartment_add",
            "text": "Destek Departman\u0131 ekle"
        },
        {
            "slug": "supportdepartment_edit",
            "text": "Destek Departman\u0131 D&uuml;zenle"
        },
        {
            "slug": "notification_email",
            "text": "Eposta Bildirimi"
        },
        {
            "slug": "piping",
            "text": "Davran\u0131\u015f (Piping)"
        },
        {
            "slug": "auto_respond",
            "text": "Otomatik Cevap Eposta"
        },
        {
            "slug": "inbox_name",
            "text": "G&ouml;nderenin Ad\u0131"
        },
        {
            "slug": "mark_as",
            "text": "Okunmu\u015f olarak i\u015faretle"
        },
        {
            "slug": "piping_email",
            "text": "Piping Eposta Adresi"
        },
        {
            "slug": "label_color",
            "text": "Durum Renkleri"
        },
        {
            "slug": "supportticket_add",
            "text": "Bilet Olu\u015ftur"
        },
        {
            "slug": "priority",
            "text": "&Ouml;ncelik"
        },
        {
            "slug": "department",
            "text": "Departman"
        },
        {
            "slug": "new_message",
            "text": "Yeni Cevap"
        },
        {
            "slug": "awaiting_reply",
            "text": "Cevap Bekliyor"
        },
        {
            "slug": "on_hold",
            "text": "\u0130\u015flemde"
        },
        {
            "slug": "closed",
            "text": "Kapal\u0131"
        },
        {
            "slug": "submit_reply",
            "text": "Cevap G&ouml;nder"
        },
        {
            "slug": "reply",
            "text": "Cevaplanm\u0131\u015f"
        },
        {
            "slug": "set_ticket_status",
            "text": "Bileti Cevapla ve Durumunu de\u011fi\u015ftir "
        },
        {
            "slug": "port",
            "text": "A\u011f"
        },
        {
            "slug": "message",
            "text": "Mesaj"
        },
        {
            "slug": "search_client_help",
            "text": "M&uuml;\u015fteri Ara M&uuml;\u015fteri No, isim yada eposta kullan"
        },
        {
            "slug": "search_client",
            "text": "M&uuml;\u015fterilerde Ara"
        },
        {
            "slug": "create_ticket_guest",
            "text": "Ziyaret&ccedil;i olarak bilet olu\u015ftur"
        },
        {
            "slug": "email_exists_login",
            "text": "Girmi\u015f oldu\u011funuz eposta getsy.net&#039;de kay\u0131tl\u0131, L&uuml;tfen Giri\u015f yaparak bilet olu\u015fturun."
        },
        {
            "slug": "select_client",
            "text": "M&uuml;\u015fteriyi Se&ccedil;"
        },
        {
            "slug": "assigned_staff",
            "text": "Departman G&ouml;revlisi"
        },
        {
            "slug": "assign_staff",
            "text": "Departman G&ouml;revlisi Ekleme"
        },
        {
            "slug": "supportdesk_settings",
            "text": "Destek Ayarlar\u0131"
        },
        {
            "slug": "supportdesk_auto_close",
            "text": "Bilet Oto Kapanma Aktifle\u015ftir"
        },
        {
            "slug": "supportdesk_auto_close_desc",
            "text": "Biletinizin Ka&ccedil; Saniye sonra otomatik oalrak kapanaca\u011f\u0131n\u0131 buraya giriniz. (Sadece Saniye)"
        },
        {
            "slug": "automation_ticket_close",
            "text": "Otomatik Mesaj: Biletiniz Cevap eklenmedi\u011fi i&ccedil;in Kapat\u0131ld\u0131"
        },
        {
            "slug": "automation",
            "text": "Otomasyon"
        }
    ],
    "EmailTemplates": {
        "client_support_ticket_reply": {
            "slug": "client_support_ticket_reply",
            "EmailTemplateTranslation": {
                "subject": "Support Ticket Reply Notification",
                "html_body_default": "<p>Dear {{client.first_name}} {{client.last_name}},<\/p> <p>Your support ticket at {{settings.general.sitename}} has had a new post and the status is now {{status}}.<\/p> <p>You can view the ticket by visiting the following link: <a href=\"{{ticket_url}}\">{{ticket_url}}<\/a> or see the message below.<\/p> <p>{{{ticket_post}}}<\/p> <p>{{{settings.mail.email_signature_html}}}<\/p>",
                "html_body": "<p>Dear {{client.first_name}} {{client.last_name}},<\/p> <p>Your support ticket at {{settings.general.sitename}} has had a new post and the status is now {{status}}.<\/p> <p>You can view the ticket by visiting the following link: <a href=\"{{ticket_url}}\">{{ticket_url}}<\/a> or see the message below.<\/p> <p>{{{ticket_post}}}<\/p> <p>{{{settings.mail.email_signature_html}}}<\/p>",
                "plaintext_body_default": "Dear {{client.first_name}} {{client.last_name}},\r\n\r\nYour support ticket at {{settings.general.sitename}} has had a reply and the status is now {{status}}.\r\n\r\nYou can view the ticket by visiting the following link: {{ticket_url}} or see the message below\r\n\r\n{{ticket_post}}\r\n\r\n{{settings.mail.email_signature_plaintext}}\t",
                "plaintext_body": "Dear {{client.first_name}} {{client.last_name}},\r\n\r\nYour support ticket at {{settings.general.sitename}} has had a reply and the status is now {{status}}.\r\n\r\nYou can view the ticket by visiting the following link: {{ticket_url}} or see the message below\r\n\r\n{{ticket_post}}\r\n\r\n{{settings.mail.email_signature_plaintext}}\t"
            },
            "name": "Client Support Ticket New Reply",
            "available_tags": "client.first_name,client.last_name,status,ticket_url,ticket_post,settings.general.sitename,settings.mail.email_signature_html,settings.mail.email_signature_plaintext"
        },
        "admin_support_ticket_reply": {
            "slug": "admin_support_ticket_reply",
            "EmailTemplateTranslation": {
                "subject": "Support Ticket Reply Notification",
                "html_body_default": "&lt;p&gt;Destek bileti {{settings.general.sitename}} m&uuml;\u015fteriniz taraf\u0131ndan {{status}}.&lt;\/p&gt; &lt;p&gt; bileti g&ouml;r&uuml;nt&uuml;lemek ve cevaplamak i&ccedil;in l&uuml;tfen yadaki linke t\u0131klay\u0131n: &lt;a href=&quot;{{ticket_url}}&quot;&gt;{{ticket_url}}&lt;\/a&gt; Cevab\u0131 G&ouml;r&uuml;n&uuml;le.&lt;\/p&gt; &lt;p&gt;{{{ticket_post}}}&lt;\/p&gt;",
                "html_body": "&lt;p&gt;Destek bileti {{settings.general.sitename}} m&uuml;\u015fteriniz taraf\u0131ndan {{status}}.&lt;\/p&gt; &lt;p&gt; bileti g&ouml;r&uuml;nt&uuml;lemek ve cevaplamak i&ccedil;in l&uuml;tfen yadaki linke t\u0131klay\u0131n: &lt;a href=&quot;{{ticket_url}}&quot;&gt;{{ticket_url}}&lt;\/a&gt; Cevab\u0131 G&ouml;r&uuml;n&uuml;le.&lt;\/p&gt; &lt;p&gt;{{{ticket_post}}}&lt;\/p&gt;",
                "plaintext_body_default": "The following support ticket at {{settings.general.sitename}} has had a reply and the status is now {{status}}.\r\n\r\nYou can view the ticket by visiting the following link: {{ticket_url}} or see the message below.\r\n\r\n{{ticket_post}}",
                "plaintext_body": "The following support ticket at {{settings.general.sitename}} has had a reply and the status is now {{status}}.\r\n\r\nYou can view the ticket by visiting the following link: {{ticket_url}} or see the message below.\r\n\r\n{{ticket_post}}"
            },
            "name": "Admin Support Ticket Reply",
            "available_tags": "ticket_url,status,ticket_post,settings.general.sitename,settings.mail.email_signature_html,settings.mail.email_signature_plaintext"
        },
        "admin_support_ticket_assign": {
            "slug": "admin_support_ticket_assign",
            "EmailTemplateTranslation": {
                "subject": "Assigned to Support Ticket",
                "html_body_default": "&lt;p&gt;Size bir destek bileti y&ouml;nlendirilmi\u015f {{settings.general.sitename}}.&lt;\/p&gt; &lt;p&gt;Bileti G&ouml;ster &lt;a href=&quot;{{ticket_url}}&quot;&gt;{{ticket_url}}&lt;\/a&gt;&lt;\/p&gt;",
                "html_body": "&lt;p&gt;Size bir destek bileti y&ouml;nlendirilmi\u015f {{settings.general.sitename}}.&lt;\/p&gt; &lt;p&gt;Bileti G&ouml;ster &lt;a href=&quot;{{ticket_url}}&quot;&gt;{{ticket_url}}&lt;\/a&gt;&lt;\/p&gt;",
                "plaintext_body_default": "You have been assigned to a support ticket at {{settings.general.sitename}}.\r\n\r\nView the ticket at {{ticket_url}}",
                "plaintext_body": "You have been assigned to a support ticket at {{settings.general.sitename}}.\r\n\r\nView the ticket at {{ticket_url}}"
            },
            "name": "Staff Assigned to support ticket",
            "available_tags": "ticket_url,settings.general.sitename,settings.mail.email_signature_html,settings.mail.email_signature_plaintext"
        }
    }
}