{
    "name": "German",
    "slug": "de",
    "is_active": "1",
    "language_code": "de",
    "text_direction": "LTR",
    "addon": "enom",
    "Strings": [
        {
            "slug": "enom_settings",
            "text": "Enom-Einstellungen"
        },
        {
            "slug": "enom_uid",
            "text": "Enom Wiederverk&auml;ufer-\/Benutzer-ID"
        },
        {
            "slug": "enom_enable_sandbox",
            "text": "Aktiviere Test-\/Sandkastenmodus"
        }
    ],
    "EmailTemplates": []
}