{
    "name": "Turkish",
    "slug": "tr",
    "is_active": "1",
    "language_code": "tr",
    "text_direction": "LTR",
    "addon": "cpanel",
    "Strings": [
        {
            "slug": "cpanel_remote_access_key",
            "text": "Cpanel Remote Eri\u015fim Anahtar\u0131"
        },
        {
            "slug": "cpanel_server_custom_fields",
            "text": "cPanel Sunucu &Ouml;zel Alanlar"
        },
        {
            "slug": "cpanel_server_remote_access_key_help_text",
            "text": "Cpanel Eri\u015fim Anahtar\u0131na ula\u015fmak i&ccedil;in WHM giri\u015f yapt\u0131ktan sonra &gt; Cluster\/Remote Access &gt; Setup Remote Access Key buradan olu\u015fturmu\u015f oldu\u011funuz anahtar\u0131 girin."
        }
    ],
    "EmailTemplates": []
}